query,ground_truth_size,Hit@5,Hit@10,Hit@20,AP
我想學習環境教育，請問這個學程中有哪些課程可以幫助我了解海洋環境和生態系統？,116,1,1,1,0.9655771049050483
我想學習環境科學，請問有哪些課程可以了解海洋與地球的關係？,116,1,1,1,0.53988948529801
我想學習環境教育，但覺得有很多課程都跟環境有關，請問哪些課程是最基本的？,116,1,1,1,0.3052203161286931
我對環境教育很感興趣，有沒有提供多樣化的選擇讓我學習不同領域的課程？,116,1,1,1,0.6461536420916619
我對環境教育很感興趣，想知道哪些課程可以幫助我了解海洋環境的保護和永續發展？,116,1,1,1,0.7832030695513756
我想了解如何在實踐中應用環境教育的理論，是否有實地實習的課程或專案可以參與？,116,1,1,1,0.8581878893605372
我想學習環境教育的相關課程，但不知道哪些課程適合我，能否推薦一些基礎的環境科學課程或是相關的實驗課程？,116,1,1,1,0.15341189376692513
我對環境科學很感興趣，請問有哪些課程可以幫助我了解海洋生態系統和海洋保護？,116,1,1,1,0.5104953270783287
有關性別研究，我想了解性別教育在實踐上的應用，哪些課程提供相關的實踐經驗？,9,1,1,1,0.12713682483808575
我想深入了解性別在社會和管理上的影響，有哪些課程可以幫助我了解這些問題？,9,1,1,1,0.5072954372230053
我對性別研究很有興趣，想了解這個領域的課程有哪些能夠幫助我了解性別議題和社會現象？,9,0,0,0,0.031096722838602733
性別研究學程看起來很有趣，我想知道這個學程是如何結合跨學科的理論和實踐呢？,9,1,1,1,1.0
我對性別研究很有興趣，是否有課程能夠教導如何推動性別友善的校園環境？,9,1,1,1,0.6801587301587302
我對性別研究很感興趣，想了解如何促進學校環境的性別友善，我有哪些課程可以學習？,9,1,1,1,0.12713682483808575
對於性別研究學程，我想了解如何實際應用性別理論於社會，我有哪些課程選擇？,9,1,1,1,1.0
我對性別研究很有興趣，想要學習如何推動性別友善的校園環境，有什麼課程可以幫助我？,9,1,1,1,0.6338586298717017
有關跨國遷移和性別教育的課程，是否可以透過實際案例來探討這兩個議題？,4,1,1,1,0.10349290367612843
我想了解如何促進校園環境更友善，我有沒有機會參加相關的服務學習計畫或課程？,4,0,0,0,0.00426361117001408
有關跨國移民的課程有怎麼樣的內容和實作？,4,1,1,1,0.2540334377981323
我想進一步了解跨國遷移對不同性別群體的影響，有相關的課程或研究機會嗎？,4,1,1,1,0.7763157894736842
我想進一步了解跨國遷移的課程內容，能夠透過實際案例學習嗎？,4,0,0,0,0.007594771078445971
我對性別議題很感興趣，有哪些課程可以了解性別教育和性別在社會中的影響？,4,0,0,0,0.022580938891309823
有關性別教育，我想了解如何在實際的生活環境中推廣性別平等，有沒有相關的課程或活動可以參加？,4,1,1,1,0.534084984358707
我對於性別議題很感興趣，有沒有提供跨國遷移的課程或者實習機會？,4,1,1,1,0.7803030303030303
想了解如何促進性別平等的實際應用，該微學程有什麼樣的實踐或服務學習課程可以參與嗎？,5,1,1,1,0.8909090909090909
我想進一步了解性別教育的課程內容，是否有實作或實驗部分，讓我們能夠更深入地了解這個議題？,5,1,1,1,0.21590616560058268
我對性別教育很感興趣，有哪些課程可以幫助我深入了解性別的影響和推動性別平等？,5,1,1,1,0.837037037037037
我想了解性別在工作環境中的重要性，有沒有課程探討這方面的知識？,5,1,1,1,0.8666666666666666
我想了解性別教育和管理的課程，能不能給我一些有關性別議題的學習計畫？,5,1,1,1,0.925
這個微學程對性別議題的探討非常豐富，能夠提供一些有關性別教育、性別與管理、性別與社會的實踐課程嗎？,5,1,1,1,0.925
我想了解如何在工作中推動性別平等，該微學程中有什麼樣的課程或實踐活動能夠幫助我？,5,1,1,1,0.82
我對性別議題很感興趣，有沒有提供課程或活動讓我了解性別在企業或社會中的影響和應用？,5,1,1,1,0.837037037037037
聽說這個微學程關注永續發展教育，想了解更多實際的實作經驗，哪些課程可以幫助我學習？,11,1,1,1,0.41214821837240084
我對永續發展議題很感興趣，是否有課程能夠讓我了解如何將設計思考與創意設計方法應用於實際的環境保護問題？,11,1,1,1,0.6167675312549261
我對永續發展議題很感興趣， STREAM微學程的課程安排是什麼樣的？,11,0,0,0,0.0060448438776507015
我想了解如何在實際生活中運用設計思考，是否有任何相關的實作課程或工作坊？,11,1,1,1,0.134322427325392
我想了解如何將設計思考應用在實際的永續發展問題上，哪些課程或實作有助於學習這個領域？,11,1,1,1,0.24646385178271538
我對永續發展議題很感興趣，想了解這些課程是如何結合實踐和研究的？,11,1,1,1,0.20386546446106085
這個學程裡有很多跟環境保護和設計思考相關的課程，我想知道哪些課程會更深入地探討永續發展的實際應用？,11,1,1,1,0.1578085063053636
我想了解如何結合設計思考和創意設計方法來推動永續發展，有什麼課程或實踐活動可以參與嗎？,11,1,1,1,0.20764706086958604
這個跨域應用整合學程好像有很多有趣的課程，請問有哪些課程可以幫助我提高中文寫作和表達能力？,34,1,1,1,0.8280140019284777
我想學習中文創意跨域應用整合，想知道有哪些課程可以幫助我提高中文思辨和表達能力？,34,1,1,1,0.3774048529140003
我想學習中文創意跨域應用整合的課程，有哪些選擇能夠幫助我提高中文思辨和表達能力？,34,1,1,1,0.7427410346229998
我想學習中文創意跨域應用整合學程，但有很多課程名稱都很長，我想知道哪些課程比較適合初學者？,34,0,0,0,0.0
我想在學程中學習如何結合中文和創意，請問有哪些課程能夠幫助我培養創意思維和跨域應用能力？,34,1,1,1,0.9966853408029879
我想學習中文創意跨域應用整合的課程，有哪些可以培養我批判性思維和表達能力的選擇？,34,0,0,0,0.043930870811536696
我對中文創意跨域應用很感興趣，想了解這個學程的核心內容和課程安排，請問哪些課程比較重要或有助於學習？,34,1,1,1,0.7668338213521043
我想學習如何用中文表達自己的想法，有哪些課程可以幫助我提高中文思辨能力和表達技巧？,34,1,1,1,0.6793930772499363
對海洋休閒運動產業很感興趣，想知道哪些課程能夠讓我學會初級潛水或帆船技術？,19,1,1,1,0.956892230576441
我想學習海洋休閒運動相關的課程，但不太確定哪些是初學者的好選擇，能給我一些建議嗎？,19,0,0,0,0.0
我想學習潛水或衝浪相關的課程，哪些初級課程比較適合？,19,1,1,1,0.7585519773297402
我對海洋休閒活動很有興趣，想知道有哪些課程可以學習初級潛水或衝浪？,19,1,1,1,0.6318557816892932
我想知道這個學程裡面有哪些課程跟水上運動或休閒活動有關？,19,1,1,1,0.896366439210803
想了解更多海洋休閒運動的基礎知識，有哪些相關課程可以學習？,19,1,1,1,0.922479275110854
我想學習潛水和帆船的基本技巧，哪些課程可以幫助我提升運動和健康能力？,19,1,1,1,0.9488881778915372
我想學習如何在海洋中進行休閒活動，例如潛水或衝浪，但不是完全初學者，有哪些課程適合我？,19,1,1,1,0.7997100531515804
這個微學程好像很有趣，我想學習更多關於莎劇和文化的內容，有哪些課程能夠讓我更深入地了解這個領域？,9,0,1,1,0.018123403024166013
我對莎士比亞的作品很感興趣，有沒有提供與莎劇相關的課程或活動？,9,0,1,1,0.01844918867943235
我對莎劇和文化有興趣，但想知道有哪些課程可以學習莎劇與現代社會的關聯？,9,0,1,1,0.020139660847543456
我想了解國際素養課程的選修課，哪些比較有趣又實用？,9,0,0,0,0.002988173239154831
我對莎士比亞的作品很有興趣，還有關於文化詮釋的課程比較有趣？,9,0,0,1,0.011123484901496193
這個微學程有哪些選項比較有趣？有關於莎劇和文化的課程聽起來很吸引人。,9,0,0,0,0.00359868738559953
有關地球環境議題的課程很吸引我，能否介紹一下與氣候變遷或永續發展相關的課程？,9,1,1,1,0.14296776777183975
我對莎士比亞的作品很有興趣，還有其他相關課程嗎？,9,1,1,1,0.03947069640685489
想深入了解台日文化比較，我該選擇哪些課程？,23,1,1,1,0.42221270854445786
我想了解日本研究學程的課程選擇，目前有哪些比較有趣的選項？,23,1,1,1,0.8790224761241836
我對台灣和日本文化有很大的興趣，想知道這個學程有哪些課程可以讓我深入了解兩個國家的文化差異？,23,1,1,1,0.4217359765495269
我對台日文化比較研究很感興趣，有沒有可以提供更多資源或實際案例的課程？,23,1,1,1,0.37430153059252785
我想學習日本研究的相關課程，有沒有提供比較台灣與日本文化的課程？,23,1,1,1,0.8388710049450773
我對日本研究很有興趣，但想問一下，這些課程中有哪些是跟台灣文化比較研究相關的？,23,1,1,1,0.23486481981999893
我想了解台灣和日本的文化差異，哪些課程可以幫助我了解這兩個國家的社會和文化？,23,1,1,1,0.25104117640944346
我想了解更多關於日本和台灣文化的比較研究，有哪些課程可以幫助我深入了解這個領域？,23,1,1,1,0.32632421085716723
我對地方創生與區域治理有興趣，是否有課程探討台日文化比較或在地食物永續發展的議題？,13,1,1,1,0.5427924257067145
有關地方創生議題的研究，我想知道這個學程中，會探討哪些在地文化的實際案例？,13,1,1,1,0.30282413972800304
我想深入了解台日文化的比較研究，是否有相關的課程可以讓我學習？,13,0,0,0,0.013077293713618625
有關地方創生議題的探討，我想知道這個微學程是否會涵蓋與文化創意產業或在地餐飲相關的課程？,13,0,0,1,0.10166803039042197
我對台日文化比較有興趣，能不能推薦一些有關比較台日社會或文化的課程或研究方向？,13,0,0,0,0.01919002845935134
我對於台灣和日本的文化比較很有興趣，該學程有提供相關課程嗎？,13,1,1,1,0.2479665133897075
這個微學程似乎與在地文化和社會議題有關，我想知道這個學程的目標是什麼？是否能夠讓我了解更多關於台灣和日本的文化比較，以及在地發展的實踐？,13,0,0,0,0.03819317610690954
我對台日文化比較很有興趣，還有哪些課程可以學習台日文化的比較研究？,13,1,1,1,0.2479665133897075
我想了解如何用創作的方式去看待社會與文化，有哪些課程可以幫助我發展自己的故事創意？,17,1,1,1,0.04427124722458896
我想學習台灣的社會與文化，也有興趣了解地方文化的採集與應用，有哪些課程能夠讓我深入了解這些主題？,17,0,0,1,0.09004962264086525
這學程聽起來很有意思，我想深入了解地方文化和創意產業，有哪些課程可以幫助我學習如何將文化故事與數位技術結合起來？,17,0,0,0,0.05336769449587561
我對地方文化很感興趣，想知道學程的實踐課程是什麼樣子？有機會實際參與地方故事的挖掘和呈現嗎？,17,1,1,1,0.2777809799852717
我對地方文化很有興趣，想知道哪些課程能教會我如何收集和應用在地文化資源？,17,0,1,1,0.12855671342577613
我對於地方文化和創意產業很有興趣，有哪些課程可以教會我如何利用在地故事和文化創造新的內容和產品？,17,1,1,1,0.20982521461883313
我想了解台灣的社會文化和傳統，能不能給我一些建議或是推薦一些有關地方故事和文化的課程或實作項目？,17,0,0,1,0.15483003354118752
我對高雄的海洋文化很有興趣，能不能找一些課程或活動，能夠讓我深入了解高雄的海洋故事和文化？,17,0,1,1,0.027934810228978896
社區文創課程很吸引我，請問有哪些課程能教會我如何創造獨特的社區文化產品？,17,1,1,1,0.357218986073415
這個學程好像結合了社區發展、文化創意和設計思考，我想了解更多關於社區文創的實際應用，有什麼樣的案例或專案可以參與嗎？,17,1,1,1,0.27845458428524017
我對台灣文化很有興趣，想知道有哪些課程可以了解台灣的社會、文化和海洋文化？,17,1,1,1,0.12064145291523862
我想了解社區文創的發展有哪些新趨勢？有沒有相關課程可以學習設計思考和社區創新？,17,1,1,1,0.4828057431023283
社區文創微學程很有趣，我想知道有沒有課程會教我如何設計一個創意的社區活動？,17,1,1,1,0.5544030267380473
我想在社區文創微學程中學習更多關於地方文化和創意設計，有哪些課程可以讓我了解台灣的海洋文化和觀光業？,17,0,0,0,0.0
社區文創微學程似乎很有趣，我想了解社區文創設計的課程有哪些內容？,17,1,1,1,0.3524091782055141
我對台灣文化很感興趣，想知道有沒有課程可以學習台灣的歷史、海洋文化或地方創生？,17,1,1,1,0.06735069894426088
台日文化相差不遠，我想了解兩地的文化差異和相似之處，有哪些課程可以讓我深入了解？,5,1,1,1,0.37377622377622377
我對於台日兩國的文化比較很有興趣，有沒有可以讓我了解不同地域文化特色的課程？,5,0,0,0,0.0068031852488153145
台日文化有很多不同之處，想知道台日文化比較研究的課程會-cover 哪些主題？,5,1,1,1,0.4012513255567338
這個跨文化微學程很吸引我，我想了解更多台日文化的差異和相似之處，有沒有課程可以讓我深入探討？,5,1,1,1,0.41336898395721916
想比較台日兩地的文化差異，是否有相關課程可以學習？,5,0,0,0,0.005660913065420732
我對台灣與日本文化有興趣，能否介紹一些比較兩國文化的課程或研究方向？,5,1,1,1,0.570462962962963
我想了解台日兩國的文化差異，有沒有課程可以學習比較台日兩地的社會習俗和宗教信仰？,5,1,1,1,0.4421172242481898
我對兩岸文化比較很感興趣，有沒有可以讓我從基礎學起的課程或者實踐計畫？,5,0,0,1,0.08264301500276255
我想知道這個微學程的課程內容有哪些與地方文化相關的課程？,10,1,1,1,0.08524341605673413
我對台灣文化很有興趣，有沒有課程可以學習如何使用數位工具創作故事或設計文化活動？,10,1,1,1,0.23059913208398938
有關台灣的文化和社會，我想知道有哪些課程可以幫助我更深入地了解這些議題？,10,1,1,1,0.12209854604052657
我想深入了解台灣的文化歷史和社會背景，有沒有提供關於台灣文化和地方故事的課程或實作機會？,10,1,1,1,0.19101622628778242
我對台灣的文化很有興趣，想知道有哪些課程可以讓我深入了解台灣的歷史和文化？,10,1,1,1,0.08629392624072259
這個微學程有關地方文化的課程，聽說有關故事創意與數位繪本的部分，看起來很有趣，是否可以跟導師討論一下有關數位媒體的應用？,10,1,1,1,0.10565936791833357
我想學習地方文化設計，想知道有哪些課程可以學習如何在社區中實踐文化設計？,10,1,1,1,0.5006662449926207
有沒有任何課程涉及故事創意與數位繪本的實作？,10,1,1,1,0.11385957566229968
我想參加地方創生與永續發展課程，但是有很多選擇，我該如何選擇適合自己的課程？,21,1,1,1,0.3300628558542523
我想學習如何整合地方創生和永續發展，有哪些相關的實踐案例可以參考嗎？,21,1,1,1,0.3203099552358661
我想了解如何結合地方創生與永續發展，能否推薦一些比較文化差異的課程？,21,0,0,1,0.11416071568638854
我對地方創生與永續發展有興趣，想知道哪些課程可以了解台日文化比較，以及如何透過建築工藝了解高雄的歷史？,21,1,1,1,0.2038813541632947
我對台日文化比較很感興趣，能夠參與哪些課程或專題研究，了解兩地文化差異與相似之處？,21,1,1,1,0.09223405576535937
對於地方創生與永續發展整合學程，想了解哪些課程與在地永續發展有直接關係？,21,1,1,1,0.5005467119709724
我想學習如何在地方創生中運用文化資源和永續發展的觀念，有哪些相關課程或實踐機會？,21,1,1,1,0.18618839355323186
我對地方創生和永續發展很感興趣，能否提供一些與台灣文化比較研究或在地食物永續發展相關的課程推薦？,21,1,1,1,0.4124698279923608
我對臺灣的文化與社會很有興趣，是否有任何推薦的課程或研究方向，讓我更深入地了解臺灣的社會背景與文化遺產？,34,1,1,1,0.15006167476844465
我對臺灣文化很感興趣，請問有哪些課程可以學習臺灣的社會、文化和歷史？,34,0,1,1,0.14935923992601766
我對臺灣的文化很感興趣，有哪些課程可以幫助我更深入地了解臺灣的社會、文化和歷史？,34,1,1,1,0.14224998607783634
我對臺灣的社會、文化和環境很感興趣，想知道有哪些課程可以讓我了解更多關於臺灣的海洋文化和生態問題？,34,0,0,0,0.02847317761444314
我對台灣的文化和社會很感興趣，想知道這個學程的課程有哪些相關的選項？,34,1,1,1,0.15006167476844465
我想深入了解臺灣社會與文化的多元面向，有哪些課程可以幫助我探索這方面的內容？,34,1,1,1,0.15483404894263658
我對台灣的文化和社會很感興趣，是否有相關的課程可以了解台灣社會和文化的變遷？,34,1,1,1,0.11319843807840015
有關台灣文化的課程很多，我想知道哪些課程可以幫助我深入了解台灣的社會文化？,34,1,1,1,0.10698836599600299
音樂劇實際上是什麼樣的演出形式？有哪些重要的表演技巧和技術需要學習？,13,1,1,1,0.4032533688214661
我對音樂劇很感興趣，想要知道如何提高自己的音樂劇演唱技巧和表演能力，有什麼課程可以幫助我提高這些方面的能力嗎？,13,1,1,1,0.6854765811002993
想加入音樂劇學程，但不知道從哪裡開始，能不能給我一些建議，哪些課程是最基礎的？,13,1,1,1,0.10117762493848076
我想加入音樂劇學程，但是不確定該選擇什麼樣的課程，能不能跟導師討論一下適合我的課程組合？,13,0,1,1,0.14391769241160407
我想參加音樂劇學程，但是不確定該如何選擇課程，有什麼建議可以幫助我更好地了解音樂劇表演的各個方面嗎？,13,1,1,1,0.9669202592279517
我想參加音樂劇學程，請問有任何課程介紹演唱技巧或合奏的內容嗎？,13,1,1,1,0.9627535925612849
音樂劇學程有很多課程，我想知道哪些課程對於演唱技巧的培養比較重要？,13,1,1,1,0.9855769230769231
我想知道音樂劇表演與製作的課程，該如何選擇合適的演唱技巧和肢體訓練課程？,13,1,1,1,0.29859362066871975
我對莎士比亞的戲劇很有興趣，有沒有相關的選讀課程可以學習？,21,1,1,1,0.2481184969637454
我想學習更多關於莎士比亞的作品，哪些課程有相關的內容？,21,1,1,1,0.20598138150818054
我對法國文化和莎士比亞戲劇很感興趣，哪些課程可以讓我深入了解這些題目？,21,1,1,1,0.5338022210066578
我想學習法國語言和文化，但不確定該從哪裡開始，請問有哪些課程適合初學者？,21,1,1,1,0.47657119956360317
我想學習法文和莎士比亞的戲劇作品，請問有哪些課程能夠幫助我了解當代法國的文化與社會？,21,1,1,1,0.5621683424860979
我對莎士比亞戲劇很有興趣，能夠找到相關的選讀課程嗎？,21,1,1,1,0.17337386363263524
我想學習法國語言和文化，但不確定哪些課程適合初學者，有沒有推薦適合入門的課程？,21,1,1,1,0.47657119956360317
我想學習莎士比亞的戲劇作品，但不知道從哪裡開始，有推薦的選讀課程或相關資源嗎？,21,1,1,1,0.39166489395521675
我對台灣的海洋文化很感興趣，有沒有相關的課程可以學習？,6,0,0,0,0.009487842113416767
我對台灣的飲食文化很感興趣，有沒有課程可以讓我了解海洋文化對台灣飲食的影響？,6,1,1,1,0.4643214643214643
我對台灣文化和地方創生很有興趣，能否透過課程了解如何將故事和數位繪本融入在地發展？,6,1,1,1,0.20806581773004504
我對台灣海洋文化很有興趣，該學程有什麼課程可以讓我深入了解海洋文化的發展與在地應用嗎？,6,0,0,1,0.018954413509484597
我對台灣的海洋文化很有興趣，有沒有相關的課程可以了解海島生活和文化？,6,0,0,0,0.007782481320511877
我對於台灣的海洋文化很感興趣，能不能透過課程了解更多海洋文化的歷史和現代發展？,6,0,0,0,0.006678022172807399
這個微學程看起來很有趣，我想了解更多關於在地故事創作和數位繪本的課程內容，有什麼推薦的活動或課程嗎？,6,1,1,1,0.17377756208498507
有關於台灣在地文化的課程，聽說有個關於海洋文化的課程，能不能告訴我一下是什麼樣子的？,6,1,1,1,0.17450577082938504
我想學習更多關於台灣文化的英語課程，有沒有相關的微學程可以選擇？,4,0,0,0,0.024148793225043798
想深入了解台灣的文化故事，有沒有相關的課程可以學習古代中國的文學？,4,0,0,0,0.03629553978623373
我對高雄的歷史和建築很有興趣，有沒有相關的課程可以深入探索？,4,1,1,1,0.2564322069996787
這個微學程似乎很有趣，能不能告訴我，該學程會教學生如何分析和溝通台灣的文化資產？,4,0,0,0,0.028657465936227
我對古代中國的文學很有興趣，古代中國的俠義、愛情和怪異書寫的課程有什麼內容？,4,0,0,0,0.014412092802200599
這個微學程的課程內容有趣，想知道是從哪些角度來分析古代中國文化的？,4,0,1,1,0.1087406015037594
我想了解學程裡面關於古代中國文化的部分，是否有相關的文學作品或故事會被教導給我們？,4,0,0,0,0.003882526416921689
我對古代中國的俠義文學很感興趣，是否有相關的課程可以學習？,4,0,0,1,0.025893322420572445
我想參加這個全英語通識教育菁英學程，但是有些課程名稱聽起來很複雜，有沒有簡單的說明或是選課建議？,12,1,1,1,0.17526415387987648
我想學習如何透過英語溝通去體驗不同文化，有哪些課程能夠讓我和朋友一起進行跨文化交流呢？,12,1,1,1,0.10517243084275472
我想學習外語並了解全球文化，有哪些課程能夠幫助我提高溝通能力和對不同文化的認識？,12,1,1,1,0.11814045659467803
我想參加全英語通識教育菁英學程，請問有哪些選課課程可以幫助我提高英語溝通能力和多元文化理解？,12,1,1,1,0.39438130648105857
我想了解全英語通識教育菁英學程的課程安排，能不能告訴我這個學程有哪些選擇？,12,1,1,1,0.6313174385139028
我想學習透過英語來理解不同文化的課程，有什麼選擇可以幫助我提高溝通能力？,12,1,1,1,0.09232977099628593
我想進一步了解課程內容，是否有機會安排實地參訪或交流活動，讓我們更深入了解全球文化？,12,0,0,1,0.03072484344901676
想學習透過實用性英語增進溝通能力，但不確定中級課程的難易程度，請教一下適合我的課程有哪些？,12,0,0,0,0.0
我想了解跨文化的人文觀念和表演藝術，有什麼課程能夠幫助我深入了解這個領域嗎？,5,1,1,1,0.297998385794996
聽說這個微學程有關於人際關係和表演的課程，想知道這些課程會讓我們學到什麼樣的技巧和觀念？,5,0,1,1,0.0537544384897005
我想深入了解跨文化交往的表演藝術，是否有相關的課程可以學習跨文化溝通技巧和表演藝術？,5,0,1,1,0.133671679197995
我對表演藝術很感興趣，想知道有哪些課程可以幫助我學習如何與不同文化的人溝通和互動？,5,0,1,1,0.048845791817095294
這個微學程的課程很有趣，有沒有跨文化交際或表演藝術的課程？,5,0,1,1,0.1110700342602183
我對於跨文化交往和表演藝術很有興趣，有什麼課程可以幫助我了解如何在不同文化背景下表達自己？,5,0,1,1,0.11334396597554493
這個微學程看起來很有趣，對於跨文化交流有什麼樣的課程或實驗？,5,1,1,1,0.286058086058086
我對生命教育和環境劇場很感興趣，能否提供更多關於跨文化人文思潮和表演藝術的課程資訊？,5,1,1,1,0.14149279953604418
想深入了解人權議題，哪些課程能夠讓我了解人權倡議的實踐和挑戰？,4,1,1,1,0.5421554252199413
人權研究整合學程似乎很廣泛，我想知道這個學程主要是學習什麼樣的議題或能力？,4,1,1,1,0.9166666666666666
人權研究整合學程很吸引我，能否告訴我在學程中有哪些課程關於人權倡議和社會變遷的內容？,4,1,1,1,0.6111914401388086
想深入了解人權議題，是否有相關課程探討如何透過倡議或推動社會變革？,4,1,1,1,0.573076923076923
我想了解更多關於普世人權的課程內容，會有什麼樣的學術討論或實踐活動嗎？,4,1,1,1,0.7717391304347826
我想學習如何透過不同途徑推動人權，人權倡議和運動課程有什麼內容？,4,1,1,1,0.5546439628482972
我對人權的研究很感興趣，想知道哪些課程比較關注現代社會中的挑戰或爭議？,4,1,1,1,0.6143892339544513
想了解人權的相關議題，哪些課程能夠提供更深入的觀念和挑戰？,4,1,1,1,0.5119142351900973
我對海洋生物和食品安全很感興趣，有沒有相關的課程可以學習海洋生物的多樣性和海洋產物的安全問題？,12,0,1,1,0.18527178299607297
對於海洋生物學的課程，有沒有提供實地探險或研究的機會讓我們親身體驗海洋生態和生物呢？,12,0,0,0,0.0493055432509984
我對海洋生物學很感興趣，請問有哪些課程可以讓我了解海洋生物的多樣性和生態系統？,12,0,0,0,0.060253743239974455
我想知道這個印象海味微學程的課程安排是如何的？有沒有可以提供學生實驗室實習的機會？,12,0,0,0,0.003266782195746285
有關海洋生物或食品安全的課程比較多，我想知道哪些課程有實驗或實踐的機會？,12,1,1,1,0.17029776312995915
我對海洋生物有興趣，想知道哪些課程能讓我了解海洋生物的多樣性？,12,0,0,1,0.09472675944016083
我對海洋生物很感興趣，想知道哪些課程可以讓我深入了解海洋的生物世界和生態系統？,12,0,0,0,0.060253743239974455
我對海洋生物很感興趣，能夠透過這個學程學到什麼有關海洋生態和生物的內容嗎？,12,0,0,1,0.10499567821755133
我想學習如何參與國防或了解國際事務，哪些課程比較適合我？,7,0,0,0,0.012549732237720556
全民國防微學程的課程很實用，想知道軍事訓練課程和國防政策的課程安排是怎麼樣的？,7,1,1,1,0.3962729146852538
我想參加全民國防課程，但不確定哪些課程適合我，有什麼推薦的課程可以幫我選擇嗎？,7,1,1,1,0.5858798905018541
有關國防相關的課程，我想知道哪些課程與實際應用相關，能夠幫助我應對真正的危機或緊急情況？,7,0,0,0,0.004558385842980905
想學習如何參與公民防衛，請問有哪些課程可以幫助我了解相關知識和技能？,7,0,0,0,0.013014737795630005
對於全民國防微學程的課程內容有哪些選擇？有沒有提供軍事訓練和急救技巧的課程？,7,0,0,0,0.026504661984119847
我想參加全民國防課程，軍訓部分有哪些選擇？,7,1,1,1,0.5868353614690488
我想學習如何參與公共事務或國防政策，有哪些課程可以幫助我了解這些知識？,7,0,1,1,0.06567731561597571
我對國際事務和全球化很有興趣，能不能介紹一下全球研究學分學程中有關公民參與和全球政治的課程？,7,1,1,1,0.9238095238095239
我對全球政治與國際事務很有興趣，有沒有提供與全球化相關的課程或研究方向？,7,1,1,1,0.7492347539439603
我想深入了解全球政治的變化，哪些課程可以幫助我了解全球政治與經濟的互動關係？,7,1,1,1,0.5595596133190118
我對全球政治和國際事務很有興趣，哪些課程可以讓我了解不同國家的政治動態和全球化趨勢？,7,0,0,0,0.0
想深入了解全球政治的發展，有哪些課程可以讓我更好地了解國際事務與全球化的變化？,7,1,1,1,0.8767507002801121
想深入了解全球政治與經濟關係，我該從哪些課程開始學習？,7,1,1,1,0.5615180235083147
我對全球政治很感興趣，想要了解如何參與國際事務，請問有哪些課程可以幫助我了解這方面？,7,1,1,1,0.8650793650793652
我對全球政治很感興趣，有沒有相關的課程能夠深入了解全球政治的變化和趨勢？,7,1,1,1,0.5412711596266414
有關創新創業的課程，我想知道有關如何結合社會創新和永續發展的課程嗎？,2,1,1,1,0.3611111111111111
我想學習如何結合創新創業與社會創新，能否透過這個課程了解社會創新與永續發展的關係？,2,1,1,1,0.26785714285714285
我對創新創業很感興趣，想知道有沒有課程可以幫助我了解如何在社會創新中運用創造力，並且探討全球化對永續發展的影響？,2,1,1,1,0.8333333333333333
這個微學程似乎很有趣，是否有任何與企業創業或創新產業相關的課程或活動？,2,0,1,1,0.06944444444444445
這個創新創業課程看起來很有趣，如何培養創造力和應對全球化挑戰的課程會安排在課程的哪個階段？,2,0,1,1,0.05892255892255892
我想學習如何融合創新創業和社會責任，有沒有相關課程能夠幫助我了解永續發展的觀點？,2,1,1,1,0.29166666666666663
我對創新創業很感興趣，想知道這個課程會怎麼教導我們創造新的想法和解決社會問題？,2,1,1,1,0.2616279069767442
有關創新創業的課程，我想了解如何結合創造力和社會創新，能夠幫助我在實踐中運用這些知識嗎？,2,1,1,1,0.2616279069767442
我想學習如何設計出能夠解決現實世界問題的創意方案，有哪些課程可以幫助我培養這些能力？,6,1,1,1,0.246059209673164
我對生態與創新有很強的興趣，想知道哪些課程可以幫助我培養創造力和設計思考能力？,6,1,1,1,0.12660944604629162
想學習如何讓創新和設計思考應用在社會問題解決上，有什麼課程可以幫助我？,6,1,1,1,0.11818057682620413
我對設計思考和創新很有興趣，請問這學程的課程安排有提到實踐案例或跨域合作嗎？,6,1,1,1,0.33902087221469795
我想學習如何將設計思維應用在實際問題上，能不能找出一些有趣的課程或案例？,6,1,1,1,0.36062003312116014
我對生態與創新很有興趣，該課程有關於如何結合自然環境與創造力來解決問題的課程嗎？,6,1,1,1,0.15467393717393718
我想知道如何結合設計思考和創意思維來解決社會問題，還有哪些課程可以幫助我了解這方面的知識？,6,1,1,1,0.27400344753285927
這個微學程看起來很有趣，我想知道有沒有任何與自然環境或創新思維相關的課程？,6,1,1,1,0.22217023172905526
我對原住民族議題很感興趣，該學程有哪些課程能夠深入探討當代原住民族的問題和挑戰？,6,1,1,1,0.3058690225073926
我對原民文化很感興趣，想知道有哪些課程可以學習到原住民族的議題和永續發展相關知識？,6,1,1,1,0.12532364171948143
我對原民文化與永續發展很感興趣，有沒有課程能夠讓我深入了解原住民族的當代議題和永續發展的教育方法？,6,1,1,1,0.38943936650859223
我對原民文化和永續發展很感興趣，想知道有哪些課程可以學到原住民族的議題和文化地景的管理？,6,1,1,1,0.6294932079414838
我對原民文化很有興趣，想知道這個學程會教導我們什麼樣的社會創新或永續發展實踐？,6,1,1,1,0.43438375350140057
我對原民文化議題很感興趣，想知道學程有哪些課程能夠深入探討原住民族的議題和永續發展的實踐？,6,0,0,0,0.012992768186899649
我對原民文化很有興趣，想知道學程中有關永續發展的課程有哪些？,6,1,1,1,0.32882607588489937
原民文化探索及永續發展學程似乎很有趣，有關於如何在實際的社區中實踐永續發展的課程或實踐經驗嗎？,6,1,1,1,0.24990455636079745
我對海洋國家公園很感興趣，請問這個學程中，我可以學到什麼關於海洋生態和生物多樣性的知識？,6,1,1,1,0.342165143778047
我對海洋國家公園很有興趣，了解海洋生態與科技有什麼相關的課程嗎？,6,1,1,1,0.36402116402116397
有沒有關於海洋國家公園的課程？想了解海洋生態系統和國家公園管理的相關知識。,6,1,1,1,0.24266688110774134
我對海洋生物多樣性很有興趣，探索海洋國家公園的課程中會有相關的內容嗎？,6,1,1,1,0.36646436352318706
我對海洋國家公園很感興趣，有沒有任何課程提供實地探險或海洋生態觀察的機會？,6,0,1,1,0.1106692020928009
有關海洋國家公園的課程，能告訴我哪些課程會讓我了解海洋生態系統和保護工作？,6,1,1,1,0.2835680659210071
聽說這個學程可以學到海洋生物的多樣性，和海洋國家公園的保護有關，我想知道這個學程中會學到哪些實用的技能和知識？,6,1,1,1,0.16131063687801275
我對海洋國家公園很感興趣，能否透過這個課程學習到如何保護海洋生物多樣性和國家公園的經營？,6,1,1,1,0.24266688110774134
我對永續農業有興趣，想知道這個學程會教會我什麼樣的在地永續發展方法和全球觀點？,6,1,1,1,0.2988474488474488
我對於農業永續發展很有興趣，想了解如何結合在地食物、都市農業和環境政策，請問有哪些課程可以幫助我了解這些相關議題？,6,1,1,1,0.42065013268013884
對於永續農業的課程有什麼選擇？,6,1,1,1,0.2538436915998391
有關永續農業的課程，我想知道有沒有學習都市農業的選擇，或者有沒有課程探討在地食物的永續發展？,6,1,1,1,0.421591781111905
最近關注永續發展議題，想知道學程中哪些課程能夠讓我更深入了解在地食物的重要性？,6,1,1,1,0.3953916014746875
想學習如何結合農業、環境保護和社區發展，哪些課程比較相關呢？,6,0,1,1,0.0764759472115794
我對永續農業很感興趣，想知道學程中哪些課程與在地食物和都市農業有關？,6,0,0,0,0.0030749709848184293
我對永續農業很有興趣，希望能了解在地食物的永續發展與全球脈絡的課程內容和實作方式有什麼樣的安排？,6,0,0,0,0.02925696960440287
我想參與學程的實踐課程，有什麼服務學習或實作項目可以讓我與科學家一起合作？,14,0,0,0,0.004546805408450714
我對於科學的本質很感興趣，怎樣可以在這個課程中了解更多關於科學思考的方法和實作？,14,0,0,0,0.009246476417598862
我想知道這個微學程的主要焦點在於什麼？會教學生如何應用科學知識來解決環境問題嗎？,14,0,0,0,0.027466158747766752
聽說這個微學程很好，能夠學習到很多與環境和科學相關的知識，有沒有提供任何實作或實地探索的課程讓我們體驗科學的魅力？,14,1,1,1,0.2179789696410308
我想學習如何透過數據分析來了解人類對環境的影響，有哪些相關課程可以幫助我掌握這些技巧？,14,1,1,1,0.2798831575811573
這個微學程似乎結合了環境、科學和英語的內容，很吸引人。我想知道哪些課程比較適合初學者？,14,1,1,1,0.17291064882015703
我想學習環境健康相關的課程，但聽說有許多課程重疊，我們有哪些選擇可以學習海洋生物或環境健康的基礎知識？,14,1,1,1,0.19435676817988995
我對環境保護很感興趣，想了解科學與實踐的關係，有哪些課程可以幫助我了解科學思考和實作的關係嗎？,14,1,1,1,0.13052504985411398
我對臺灣海岸的環境保護很感興趣，有什麼課程能夠讓我了解海洋生態、環境政策和海岸開發的平衡嗎？,10,0,0,0,0.0
想了解更多關於海岸微觀察的課程，是否有任何與海洋生態或海洋科技相關的實驗或探索式課程？,10,0,1,1,0.12023200618824034
聽說這個學程關於海岸的環境保護，有哪些實際的工程案例和實踐體驗可以參加？,10,0,0,1,0.11073174187096943
看見臺灣海岸微學程的課程似乎很豐富，有沒有相關的實習或探險活動讓學生親身體驗海岸微觀世界的奧秘？,10,1,1,1,0.242878306084023
這個學程看起來很有趣，我想知道這些課程都會教我們怎麼樣保護海岸環境？,10,1,1,1,0.34781748393450523
看見臺灣海岸微學程很吸引人，我想知道該課程中會教導學生什麼樣的海洋知識以及如何應用在地球科學上？,10,0,1,1,0.11112625643921552
我對臺灣海岸的環境議題很感興趣，能夠透過課程了解海洋地質、生態系統以及海岸開發的平衡嗎？,10,1,1,1,0.5507850319615024
我想了解臺灣海岸的環境保護和資源管理，是否有相關的課程可以學習？,10,1,1,1,0.40082541169226166
我對氣候變遷很感興趣，想要了解地球科學的基本知識，有哪些入門課程可以選擇？,20,1,1,1,0.355645864869493
我想了解氣候變遷的相關課程，有沒有包含實地探勘或研究氣候變遷的課程？,20,1,1,1,0.3663073981647663
我想學習氣候變遷的相關課程，哪些有關地球科學和環境保護的課程比較有幫助？,20,1,1,1,0.6909905645917084
我想學習氣候變遷相關課程，哪些有關環境倫理、政策或人類與環境交互關係的課程比較適合？,20,1,1,1,0.571100446858252
氣候變遷的問題越來越嚴重，想了解如何應對和減緩氣候變遷，有哪些相關的課程或資源可以幫助我？,20,1,1,1,0.5367017824404748
氣候變遷的議題非常重要，我想知道哪些課程能夠教導我如何分析氣候變遷的影響和實踐環境保護？,20,1,1,1,0.5917187566337279
我對氣候變遷和調適很感興趣，但不確定該選哪些課程，有推薦的學分學程路線或相關選課建議嗎？,20,1,1,1,0.5496736634685491
對於氣候變遷這個問題，我想知道有哪些課程可以讓我更深入地了解地球科學與環境政策的關聯？,20,1,1,1,0.7017022944548066
想了解熱帶海洋的生態系統，哪些課程會有相關的內容？,8,1,1,1,0.14530628640162885
熱帶海洋微學程中有哪些課程能夠幫助我了解海洋生態系統和生物？,8,1,1,1,0.19159998047655372
我對熱帶海洋微的海洋生態與科技很感興趣，該學程中有哪些課程會探討海洋生態的保護與維護？,8,1,1,1,0.09708468614718616
熱帶海洋微學程的課程好像跟地球科學有關，是否有相關的實地探險活動或研究計畫可以參加？,8,1,1,1,0.2938141519840117
我對海洋生物很有興趣，有沒有相關課程可以學習海洋生態與海洋科技的應用？,8,1,1,1,0.23414217235566795
我對海洋生物很感興趣，想知道有哪些課程可以學習海洋無脊椎動物的知識？,8,0,1,1,0.16861217834095193
熱帶海洋學程有哪些課程能夠讓我了解海洋生態與海洋科技？,8,0,1,1,0.045261916646750285
我對海洋生物很有興趣，想知道熱帶海洋微學程裡有哪些課程會涉及到海洋生物的研究？,8,1,1,1,0.4850590016708438
我想知道實踐環境教育微學程中會有什麼樣的實地活動，能夠讓我們更深入地了解海洋生態和氣候變遷？,3,0,0,0,0.03945707070707071
我想參與實踐環境教育微學程，是否有機會參加海洋探險或氣候變遷調適實踐項目？,3,0,0,0,0.028292559460250416
我想參與實踐環境教育的課程，但有沒有與海洋科技有關的課程可以選擇？,3,0,0,0,0.026871444543092957
我對於海洋和氣候變遷很感興趣，有沒有機會參與實地探究或服務學習相關的課程？,3,0,0,0,0.026856286879871783
這個微學程聽起來很有趣，有沒有任何與自然環境或科學教育相關的課程，希望能夠讓我更了解這個領域？,3,0,0,1,0.09872408293460926
實踐環境教育微學程聽起來很有趣，能不能跟我分享一下這個學程的實際應用和實驗機會？,3,0,0,1,0.07118055555555555
實踐環境教育的課程有哪些？能夠教會我如何參與環境保護嗎？,3,0,0,0,0.042207792207792215
有沒有課程介紹如何通過實踐來教學生了解氣候變遷？,3,0,0,0,0.01694371644162439
我對海洋生物很感興趣，有沒有相關的實地考察或實習機會？,22,1,1,1,0.28818423205113947
我想深入了解海洋生物的多樣性，請問有哪些課程可以幫助我了解海洋生物的生態系統？,22,1,1,1,0.532895366139023
我對海洋生物很有興趣，有沒有推薦有關海洋生物或海洋生態的實驗課程或實地探險課程？,22,1,1,1,0.20597577089095018
我對海洋生物很感興趣，想知道有哪些課程可以學習海洋生物的生態系統與保育工作？,22,1,1,1,0.14686134559576816
我對海洋生物很有興趣，想知道哪些課程能讓我深入了解海洋生態和生物多樣性？,22,1,1,1,0.6072039115444716
我想參與生物多樣性學程的實地探究活動，有機會接觸到臺灣的海洋生物或野生動物嗎？,22,1,1,1,0.19533827301605688
我想學習更多關於海洋生物的知識，有哪些課程可以讓我了解海洋生態系統和臺灣的海洋生物多樣性？,22,1,1,1,0.14686134559576816
我對海洋生物和生態學很有興趣，有沒有建議我從哪些課程開始學習？,22,1,1,1,0.43124879841456604
我對企業的社會責任和環境政策很感興趣，有沒有課程可以教導如何做出更綠色的決策？,15,1,1,1,0.2849602326536294
我想學習企業社會責任相關的課程，能否提供一些與企業溝通、環境政策、永續發展相關的課程資訊？,15,1,1,1,0.4809398936502157
我想學習如何讓企業更有社會責任，哪些課程可以幫助我了解企業的環境政策與永續發展？,15,1,1,1,0.22354310390882706
我想了解企業如何應對環境問題，有哪些課程針對企業社會責任的實務操作？,15,1,1,1,0.4906216111657783
有沒有提供一些企業如何實踐社會責任的實際案例？,15,1,1,1,0.16128518887948723
我對企業社會責任有很大的興趣，想知道哪些課程能夠教會我如何在實際工作中運用這些知識？,15,1,1,1,0.15296509443988812
我想了解企業如何面對環境問題，還有社會責任的實踐，哪些課程可以幫助我了解相關知識？,15,0,0,0,0.0
我對企業的社會責任感很強，想知道有哪些課程可以學習企業如何更好地與環境和社會溝通？,15,1,1,1,0.11609014367565246
關於環境科技，我對生態系統保護很感興趣，哪些課程可以幫助我了解環境管理的基本原則和實踐？,13,1,1,1,0.0919609813555122
想了解如何管理環境污染，環境管理相關的課程有哪些選擇？,13,1,1,1,0.26709374152794524
想了解如何應對環境問題，是否有相關的實踐經驗或實驗室課程可以參與？,13,1,1,1,0.0678857153872425
我對環境科技很感興趣，想問問有哪些課程可以學習如何處理廢棄物和污染問題？,13,1,1,1,0.4472300972257163
我對環境保護很感興趣，想知道這個學程會教怎麼樣應對環境污染和資源管理問題？,13,1,1,1,0.5008091344399181
我對環境保護很感興趣，想知道有哪些課程可以教我如何應對污染問題和保護海洋資源？,13,1,1,1,0.16608003277827565
我對環境保護很感興趣，想知道環境科技與管理學程裡有哪些課程關於污染防治和生態學？,13,1,1,1,0.06835409043928316
想學習如何保護地球，我想問一下有哪些課程能教會我如何減少廢棄物或處理污染問題？,13,1,1,1,0.04974493295730398
想學習企業社會責任的相關課程，能否介紹一些環境政策或企業的公共事務管理課程？,18,1,1,1,0.6793097884179479
對於企業社會責任的學程，我想了解實際的應用和實踐，有沒有相關的課程或專題研究機會？,18,1,1,1,0.07077000743261808
我想進一步了解企業對環境的影響，有哪些課程針對企業的環保實踐與社會責任？,18,1,1,1,0.8729611830974948
我對企業的社會責任很感興趣，想知道有哪些課程可以學習企業如何面對環境問題或實踐社會責任？,18,1,1,1,0.07628609606101983
我對企業社會責任很感興趣，想知道這個學程有沒有相關的實踐課程可以學習？,18,1,1,1,0.07077000743261808
我對企業的社會責任很感興趣，有哪些課程能夠教導如何通過企業交流與社會責任實踐，做出真正的社會貢獻？,18,1,1,1,0.10420772057432208
我想了解如何讓企業更環境友善，有哪些相關課程能夠幫助我學習企業社會責任的實踐？,18,1,1,1,0.30484472094885445
我對企業社會責任很感興趣，想知道這個學程能夠幫助我學習哪些相關的理論和實踐？,18,1,1,1,0.25276967824829416
我對智慧港埠很感興趣，能否告訴我有哪些課程關於智慧運輸系統或智慧製造技術？,5,1,1,1,0.5090336728919073
智慧港埠學程有哪些實踐性的課程可以讓我實際接觸到港埠相關的技術和應用？,5,1,1,1,0.12596068192338
港口的智慧化應用實在很有趣，我想了解智慧型運輸系統或智慧製造有哪些實際應用？,5,0,1,1,0.045806383907057026
聽說智慧港埠微學程有很多有趣的課程，我想知道有沒有機會參加實習或者實地體驗，能不能告訴我相關資訊？,5,1,1,1,0.4671794871794872
智慧港埠微學程似乎與新興的科技技術有關，我想了解智慧型運輸系統和智慧製造有哪些實際應用和發展趨勢？,5,1,1,1,0.4768807690098401
我對智慧港埠的應用很有興趣，智慧型運輸系統和智慧製造技術哪一個更適合初學者學習？,5,1,1,1,0.4189861948113006
智慧港埠微學程的實習有什麼樣的安排？,5,0,0,0,0.028120009641748774
智慧港埠微學程聽起來很有意思，能夠透過實習經驗學習海上的智慧運輸系統嗎？,5,1,1,1,0.11925671584679232
我想學習如何管理污染和保護環境，有哪些課程可以幫助我了解永續發展的理念和實踐？,6,0,0,0,0.054376604172799825
想學習如何做出環保的企業，永續報告書寫作和綠色管理的課程對於這方面有幫助嗎？,6,1,1,1,0.31086367880485527
我對環境保護很有興趣，永續發展的課程有哪些選擇？,6,0,1,1,0.05570915153943745
我對於如何在實際工作中應用永續管理的知識很感興趣，有沒有相關的課程或實踐經驗可以分享？,6,1,1,1,0.3493117993117993
有關永續發展的課程比較多，我想知道怎麼樣才能更好地將所學的理念應用在實際工作中？,6,0,0,0,0.054376604172799825
我對環境保護和永續發展很有興趣，有沒有相關的課程可以學習如何寫永續報告書？,6,0,0,0,0.06650592816682212
關於永續管理，想知道如何寫出有效的環境報告書，哪些課程可以幫助我？,6,1,1,1,0.39086700336700325
我對環境保護很感興趣，想學習如何寫永續報告書，該如何開始？,6,0,0,1,0.099153495702616
我對公民參與很感興趣，設計思考是什麼？該課程能教會我怎麼樣更好地推動公共政策或社區發展？,11,1,1,1,0.5886969451722456
這個微學程的課程內容很廣泛，有沒有提供一些基本的參與設計思考的實踐經驗或工作坊？,11,1,1,1,0.22932609905414783
我對設計思考很有興趣，能不能介紹一下與設計思考相關的課程或實踐？,11,1,1,1,0.2319953858466669
我想了解設計思考的實際應用，如何能夠結合這些理念來推動社會創新或永續發展？,11,1,1,1,0.41750541434533245
我想進一步了解設計思考的應用，能不能提供一些實際案例或是如何在公共政策領域中運用設計思考的資源或教學資源？,11,1,1,1,0.4971184077761231
我對公共事務與設計思考很有興趣，能不能介紹一些有關公共政策分析或地方創新課程？,11,1,1,1,0.15138735060214337
我對公民參與與永續發展很感興趣，設計思考或公共政策分析課程會對我有什麼樣的幫助？,11,1,1,1,0.31499325444540655
我對公民參與的設計思考很感興趣，能不能提供一些有關設計思考實踐的課程或實驗？,11,1,1,1,0.47690804358354727
有關智慧城市的課程，我想知道哪些課程會涉及到數據分析或是城市規劃方面的知識？,14,1,1,1,0.7454396178931934
我對智慧城市的數據分析和運輸系統很感興趣，有沒有可以從基礎入手學習的課程？,14,1,1,1,0.8118992913531619
我對智慧運輸系統很感興趣，請問這個課程的實際應用場景和未來發展趨勢？,14,1,1,1,0.347871460976877
我對智慧城市很有興趣，想知道在這個學程中，會教會我們怎麼樣應用數據分析方法來了解都市的結構和運作嗎？,14,1,1,1,0.7019916000777627
我想了解智慧城市與智慧運輸的發展趨勢及課題，請問有哪些課程能夠讓我了解這些議題？,14,1,1,1,0.6318502769771437
有關智慧運輸系統的課程，我想知道哪些是基礎的部分和更進階的部分？,14,1,1,1,0.347871460976877
我對智慧城市的發展很感興趣，想知道有哪些課程可以了解城市數據分析和治理的方法？,14,0,0,0,0.007865431966735349
我對智慧城市的數據分析很感興趣，有哪些課程可以學習到如何應用數據分析方法來了解都市的運作？,14,1,1,1,0.5434975772141966
我對智慧型運輸系統很有興趣，請問有哪些課程可以讓我了解智慧城市與運輸的發展趨勢和挑戰？,5,1,1,1,0.511904761904762
有關智慧運輸系統的課程，是否有任何涉及實際應用或案例研究的課程？,5,1,1,1,0.4572260154061625
公共交通方面有許多新技術出現，能不能教我了解智慧型運輸系統和智慧城市的相關知識？,5,1,1,1,0.42798065508309946
我對智慧運輸系統很有興趣，是否有課程會教學生如何設計或開發智慧運輸系統相關的程式？,5,1,1,1,0.3553959888742497
這個微學程聽起來很有趣，關於智慧城市和運輸系統的課程有哪些？,5,1,1,1,0.4763203463203463
我想了解智慧運輸系統的實際應用，學校有提供實作課程或專案教學嗎？,5,1,1,1,0.4259117693900302
公共交通系統的智慧化發展頗為興趣，有哪些課程介紹智慧城市與智慧運輸的未來趨勢？,5,1,1,1,0.5356678147722924
對於智慧運輸系統的應用，我想了解更多關於實際案例或未來發展方向的資訊。,5,1,1,1,0.4465546218487395
智慧運輸系統很有意思，怎麼樣才能在實際應用中應用這些理論？,4,1,1,1,0.8541666666666666
想知道智慧運輸系統的未來發展，會在課程中學習什麼相關內容？,4,1,1,1,0.5176242236024844
您們的運輸管理課程中，關於智慧運輸系統的部分會探討實際運用與應用嗎？,4,1,1,1,0.5431578947368422
關於智慧運輸系統，我想知道未來運輸管理的發展趨勢會如何？,4,1,1,1,0.5395833333333334
運輸管理的新趨勢很吸引我，智慧運輸系統的課程有哪些內容會被探討？,4,1,1,1,0.338139658848614
想知道智慧運輸系統發展的趨勢，及運輸管理在未來會如何改變，有沒有相關的課程或資源可以提供一些資訊？,4,1,1,1,0.6088235294117648
我對智慧型運輸系統很有興趣，有沒有相關的課程可以了解智慧城市與智慧運輸的發展趨勢？,4,1,1,1,0.8041666666666667
智慧運輸系統很有趣，我想了解未來的運輸系統發展趨勢，教室有哪些課程提供相關資訊？,4,1,1,1,0.5176242236024844
我對音樂治療很有興趣，請問有什麼課程可以讓我了解如何使用音樂來幫助別人？,5,1,1,1,0.5705118411000762
音樂治療或戲劇治療是表達性藝術治療的重要部分，能夠學到一些實踐技巧嗎？,5,1,1,1,0.6801587301587302
我對音樂治療很感興趣，能否介紹一下課程中音樂治療的實際應用？,5,1,1,1,0.44093761535622
我對音樂治療和戲劇治療很感興趣，哪些課程可以幫助我更深入地了解這些領域？,5,1,1,1,0.4704597701149426
我對音樂治療很感興趣，還有哪些課程可以學習如何運用音樂來幫助身心健康？,5,1,1,1,0.5057942057942058
我想進一步了解音樂治療的應用，是否有課程針對不同年齡組的人群進行音樂治療的教學？,5,1,1,1,0.44023532023532025
我想知道這個表達性藝術治療學程中，音樂治療課程會涉及哪些內容？,5,1,1,1,0.8761904761904761
我對音樂治療和戲劇治療很感興趣，怎樣才能在學程中學習到實際的創作和應用技巧？,5,1,1,1,0.6748366013071896
音樂治療對於老年人的幫助有多大？有什麼實際的案例可以參考嗎？,2,1,1,1,1.0
音樂治療對老人有什麼幫助？這個學程的課程內容有涵蓋這方面的知識嗎？,2,1,1,1,1.0
我對音樂治療很感興趣，了解音樂對老年人身心健康的影響，哪些課程可以讓我了解更多？,2,1,1,1,0.5232558139534884
音樂治療對於老人有什麼幫助？這個學程有哪些實際的應用案例？,2,1,1,1,1.0
音樂治療對於老人的心理和身體健康有著相當大的幫助，想要學習更多關於音樂治療的知識，哪些課程是適合入門？,2,1,1,1,1.0
音樂治療對於老年人的身心健康有很大的幫助，我想了解更多有關音樂治療的應用和實踐，哪些課程比較適合我？,2,1,1,1,0.5416666666666666
我想了解音樂對老人身心健康的影響，有關音樂治療的課程是什麼樣子？,2,1,1,1,1.0
我聽說音樂治療對老人有很大的幫助，是否有相關課程可以學習音樂治療的基本知識和應用？,2,1,1,1,1.0
這個微學程有很多與戲劇相關的課程，我想了解更多與戲劇的內容，有哪些課程比較適合喜歡戲劇的學生？,9,0,0,1,0.07659644798099628
我對跨文化人文思潮很感興趣，請問有哪些課程能夠讓我了解西洋戲劇的演變？,9,1,1,1,0.5273185000921319
我對西方名劇很感興趣，有沒有選修課程可以深入學習一些經典的西方戲劇？,9,1,1,1,0.3679921497956925
跨文化人文思潮與美學微學程中，關於西方戲劇和中國戲劇的課程安排有什麼樣的差異？,9,1,1,1,0.3905546773209141
我對於西方戲劇有興趣，但不知道該從哪裡開始學習，能不能介紹一下西洋戲劇史的課程內容？,9,1,1,1,0.45267663825059806
我對跨文化人文思潮很感興趣，想了解更多關於西方與東方美學的比較，有什麼課程可以讓我深入了解這個議題嗎？,9,1,1,1,0.6129258422736683
我對跨文化人文的探討很有興趣，哪些課程可以讓我深入了解西方和東方的戲劇史和美學？,9,1,1,1,0.47352891233228867
我想深入了解跨文化人文思潮與美學的基礎理念，有什麼導論課程可以入門嗎？,9,1,1,1,0.37535594213579504
我想知道有關西洋文學的課程中哪一部分比較多人選修？,14,1,1,1,0.525367436613422
有關精神分析批評，我想了解它是如何應用在文學分析上？,14,1,1,1,0.28018258393402673
我對莎士比亞的作品很感興趣，想要學習更多關於他的人生背景和作品分析，有什麼課程可以幫助我？,14,1,1,1,0.4461603462902334
我想進一步了解精神分析對文學的影響，課程中有什麼相關的內容？,14,1,1,1,0.058214342910390286
我想了解西洋文學的發展脈絡，有沒有介紹西洋文學時間線的課程或是可以幫我整理相關資訊的教材或資源？,14,1,1,1,0.4403002097394729
有關莎士比亞的作品，我想知道他最有名的悲劇和喜劇有哪些？,14,1,1,1,0.5701995268588262
我想知道有哪些選修課程可以讓我更深入地了解莎士比亞的作品？,14,1,1,1,0.3009848995983831
我對莎士比亞的作品很感興趣，有什麼樣的選讀課程可以幫助我更深入地了解他的作品？,14,1,1,1,0.6000652732500589
我想學習閩南語文的書寫方式和閱讀技巧，有什麼樣的課程或工作坊可以幫助我提高？,4,0,0,1,0.0387697925786577
我想學習閩南語文書寫和閱讀，哪些課程比較適合新手學習？,4,0,0,1,0.0741082466328224
對閩南語文很有興趣想進一步學習，請問有提供任何有關閩南語文書寫或閱讀技巧的課程嗎？,4,1,1,1,0.17634363686995264
我想學習閩南語文書寫，請問這個微學程有哪些課程比較有幫助？,4,0,0,0,0.04383138152286086
有關閩南語文的課程，我想學習如何更好地理解這種語言文學的美學意義和跨文化的視角，有沒有相關的課程或資源可以幫助我？,4,0,1,1,0.08904700053287423
我對閩南語文很有興趣，哪些課程可以幫助我了解閩南語文的書寫和閱讀？,4,0,0,0,0.01212290371058902
我對閩南語文有興趣，能夠學習到怎麼正確地書寫和閱讀閩南語文？,4,1,1,1,0.3130380683346785
我對閩南語文很有興趣，該微學程有怎樣的實際創作課程或跨文化學習的內容？,4,0,0,0,0.019642686472115423
有沒有提供實用英語課程，讓我能夠學習如何在實際情境下溝通？,11,1,1,1,0.9472910927456382
想學習觀光業的英語溝通能力，有哪些實用性課程可以幫助我提高英語交流？,11,1,1,1,0.5519302199260349
想學會實用英語的溝通技巧，有哪些課程可以幫助我提高口語能力？,11,0,0,0,0.0
想進一步提升實用英語溝通能力，哪些課程可以幫助我培養演說或辯論能力？,11,0,0,0,0.013120694778471153
想學習實用英語但不知道從哪裡開始，能推薦適合初學者的實用英語課程嗎？,11,1,1,1,0.3401539956368747
我想提高觀光業的英語溝通能力，有哪些課程能夠幫助我學會專業的英語表達和交流？,11,1,1,1,0.403096006427586
我想學習觀光業的英語溝通，有哪些課程可以幫助我提高自信地與外國客人溝通？,11,1,1,1,0.3974623072995238
想進一步提高英文溝通能力，哪些課程能夠幫助我提高實際的英語表達能力？,11,0,0,0,0.0
生物技術學程似乎有很多相關課程，想學習生物技術或生物化學實驗有哪些課程可以選擇？,35,1,1,1,0.7716105356164412
我對生物技術很感興趣，但不知道該從哪個課程開始，能不能給我一些建議？,35,1,1,1,0.5498395514753881
我對生物技術有興趣，想知道有哪些課程可以學習生物資訊學和基因工程？,35,1,1,1,0.3980252677204738
我對生物技術很感興趣，想知道有哪些課程是比較基礎的生物化學或微生物學課程？,35,1,1,1,0.5569239332253589
我對生物化學和微生物學很感興趣，有哪些課程可以深入了解生物技術的基礎和應用？,35,1,1,1,0.8294991229713454
有哪些課程可以讓我了解生物技術的基本理論？,35,1,1,1,0.25380087071898316
我對生物技術很感興趣，想問一下，有哪些課程可以學習生物化學或微生物學的基礎知識？,35,1,1,1,0.5564478105846329
我對生物技術很感興趣，想要學習一些實際應用，但覺得有些課程名太長，有沒有比較容易入門的生物化學或微生物學課程？,35,1,1,1,0.5179615189000062
我想從事天然藥物合成，想了解有機化學的基礎和生物化學的應用，哪些課程比較適合？,15,1,1,1,0.056538275856746124
我想進入天然藥物合成領域，有哪些課程能夠讓我學習到生物化學和有機化學的基礎？,15,1,1,1,0.7988150121214637
我對天然藥物有興趣，想知道學程中有哪些課程可以教導我如何從天然物中提取藥物？,15,1,1,1,0.7984800876872489
有沒有介紹生物化學相關課程？我對天然藥物合成很感興趣。,15,1,1,1,0.5893585361688811
想從基礎生物化學開始學習，接下來有哪些課程可以學習到天然藥物合成的相關知識？,15,1,1,1,0.19823524915763036
我對天然藥物有很大的興趣，想要學習更多的有關生物化學、生藥學和天然物化學的知識，有哪些課程可以幫助我深入了解這些領域？,15,1,1,1,0.5455042811442802
我對天然藥物合成很有興趣，能夠了解天然物化學或生藥學相關的課程有哪些嗎？,15,1,1,1,0.5048126641390398
有關天然藥物的開發，我想了解藥物開發過程的基本流程和原理，哪些課程能夠提供有關的知識？,15,1,1,1,0.10506122756109684
我對海洋微生物很有興趣，有沒有相關的實驗課程可以讓我親手接觸微生物學？,4,1,1,1,0.19872291021671826
我對微生物很感興趣，想了解海洋微生物的研究方向，有哪些實驗課程可以學習微生物實驗技能？,4,0,1,1,0.1186127082411912
有關微生物的實驗課程，能夠透過實驗了解微生物的應用嗎？,4,1,1,1,0.2772619047619048
有關微生物的實驗課程，是否有任何與海洋相關的研究項目或實驗活動？,4,1,1,1,0.27267787701356
我對海洋微生物很感興趣，想知道有沒有實驗課程可以親手操作微生物實驗室？,4,1,1,1,0.35
有關海洋微生物的實驗課程，需要具備哪些基本知識？,4,1,1,1,0.5654761904761905
有關微生物的實驗課程，需要做什麼樣的實驗？,4,1,1,1,0.27974215903589905
對微生物學很有興趣，請問實驗室實踐經驗是不是課程的一部分？,4,1,1,1,0.28045792740576314
我對海洋生物產業很感興趣，想了解微生物在海洋產業中的應用，有哪些課程或專題可以幫助我深入了解？,18,0,1,1,0.19406813964007927
海洋生產模式整合學程看起來很有趣，有哪些課程可以幫助我了解海洋生物對於藥物開發的應用？,18,1,1,1,0.37041663482071896
這個學程的課程有很廣泛的領域，能夠學習到很多有趣的知識，我想知道哪些課程比較有實際應用和發展前景？,18,0,0,0,0.008104343078382554
我對海洋生物產業很有興趣，海洋生物科技的課程有哪些？,18,0,1,1,0.20429034489763184
我對海洋生物產業很有興趣，海洋生產模式整合課程中會教導如何應用微生物學或生物技術嗎？,18,0,0,0,0.03418498366897233
海洋生產模式整合學程看起來很有趣，我想知道有哪些課程能夠結合生藥學和微生物學？,18,0,1,1,0.07811831316764441
我對微生物與海洋生物有興趣，請問有哪些課程可以讓我了解海洋生物中微生物的應用或生產？,18,1,1,1,0.24770075332065325
我對海洋生物科技有興趣，希望了解整合相關的課程，請問有哪些相關的課程可以學習到微生物、藥物開發、生物技術的應用？,18,1,1,1,0.15448113889743856
我對海洋生物學很有興趣，有沒有相關的課程可以學習到海洋生物的生態系統？,12,1,1,1,0.11486091333152303
我對海洋生物和循環經濟很感興趣，想知道這個學程的課程中有哪些與海洋生物多樣性或海洋生態系統相關的課程？,12,0,1,1,0.08955762139138353
海洋循環經濟學程裡面有很多與生物相關的課程，想知道哪些課程可以幫助我了解海洋生物的生態系統？,12,1,1,1,0.35647826879779093
我對海洋生物和生物技術很感興趣，有哪些課程能夠讓我深入了解微生物在海洋循環中的角色？,12,0,1,1,0.27232254674002604
我對海洋生物很感興趣，想知道有哪些課程可以學習到海洋生物的多樣性和保護？,12,1,1,1,0.12215719413482422
海洋循環經濟學程的課程有很多與生物相關的選擇，想了解更多關於海洋生物的課程或研究方向，有沒有建議？,12,1,1,1,0.24776230192405305
海洋生物學程有很多相關的課程，想了解海洋生物的多樣性和生態系統，有哪些課程可以幫助我深入了解？,12,1,1,1,0.21981637123738715
海洋循環經濟學程的課程選擇似乎很多，能夠告訴我哪些課程比較有關海洋生物學或環境保護的內容嗎？,12,1,1,1,0.27224056825873794
我想知道人工智慧與數學學程的前置課程有哪些？,34,1,1,1,0.9315284686742138
對於人工智慧的數學基礎，我想知道哪些課程對於機器學習的理解有幫助？,34,0,0,1,0.4510593694829967
有關人工智慧的數學基礎，我想學習線性代數或微積分，有哪些課程適合入門？,34,1,1,1,0.33769923279366104
人工智慧的數學基礎很重要，有哪些數學課程是人工智慧學程的必修課？,34,1,1,1,0.900121833929543
我想學習人工智慧，但有聽說數學基礎很重要，哪些數學課程是學人工智慧的必修課？,34,1,1,1,0.900121833929543
人工智慧課程中需要學習線性代數和微積分，請問有哪些資源可以幫助我更好地理解這些數學基礎？,34,1,1,1,0.43625713689464063
我對人工智慧與數學有興趣，想要了解哪些數學基礎課程對AI的學習有幫助？,34,0,0,1,0.24323419136418664
人工智慧與數學學程似乎有很多相關數學課程，我想學習機器學習，但覺得自己數學基礎不夠強，該怎麼安排學習路線？,34,1,1,1,0.8487725956481268
我想學習應用數學的基礎課程，哪些是必學的？有推薦的線性代數或微積分課程嗎？,22,1,1,1,0.9706525194173415
我想知道應用數學學程的入門課程有哪些？,22,1,1,1,0.8801820512346828
我想了解應用數學的基本課程，有哪些是必修的？,22,0,0,0,0.005415451774865625
我想知道應用數學學程的課程安排比較繁雜，有沒有簡單的說明或建議？,22,1,1,1,0.8921950382476699
我對應用數學很感興趣，請問哪些課程可以幫助我了解微積分的應用和深入？,22,1,1,1,0.3480967140956649
我想了解應用數學的基礎課程，哪些是必修的呢？,22,1,1,1,0.2148265538501869
我想選擇一門數學課程，但有很多選擇，能不能告訴我哪些課程適合初學者？,22,0,0,0,0.005511514684089569
我想選擇適合自己能力的線性代數課程，能不能給我一些建議？,22,1,1,1,0.7786465157207626
我對半導體奈米元件的製造技術很有興趣，能夠提供哪些實驗室實踐課程或是實驗室環境的安排？,6,1,1,1,0.39605928504780735
我對半導體奈米元件的製造有興趣，請問有哪些課程可以幫助我了解相關的高分子化學和分析化學知識？,6,1,1,1,0.4364942528735632
有關半導體奈米元件製造技術，我想知道這門課程學完後，我能夠掌握哪些實際應用？,6,1,1,1,0.30436124159528416
我對奈米元件很感興趣，請問這個學程會教如何操作實驗室儀器嗎？,6,0,1,1,0.14866898148148147
半導體奈米元件製造技術很有趣，我想學習相關的實驗技術和安全措施，請問這個學程有提供實驗室課程嗎？,6,1,1,1,0.24390177420953515
我對半導體的製造技術很感興趣，但我不是化學背景，請問這個學程的課程有哪些是適合沒有化學基礎的學生？,6,1,1,1,0.3864668856048166
半導體化學的課程很有吸引力，我想知道哪些課程更適合新手學習？,6,0,0,1,0.029978793136687873
我對半導體相關的課程很感興趣，但有些課程名稱重複，我想知道這些課程的重點內容和學習目標有什麼不同？,6,0,0,0,0.00748990639648944
我對半導體奈米元件很感興趣，想了解如何實際製造這種元件，有哪些課程或實驗可以幫助我深入了解？,17,1,1,1,0.15320623010253206
半導體技術很有趣，我想了解更多關於奈米元件的製造過程，有沒有課程可以教我相關的技術和知識？,17,1,1,1,0.15325996997138924
我對半導體技術很感興趣，想了解奈米元件製造的過程，有什麼課程能讓我了解這方面的技術嗎？,17,0,0,0,0.031525478951832
我想進一步了解半導體的製造技術，能不能提供一些實驗室實踐的機會或是相關研究專題的資訊？,17,0,0,0,0.025245970483309198
我對半導體的研究很有興趣，半導體奈米元件製造技術和固態物理課程有機會實驗嗎？,17,1,1,1,0.4886265482356517
我對半導體奈米元件製造技術很感興趣，請問有哪些實驗室或研究機構可以進行相關實驗或研究？,17,1,1,1,0.15278472462147574
我對半導體奈米元件很有興趣，想了解在實驗室中如何製造這種元件，有哪些實驗室課程或研究機會可以學習到相關技術嗎？,17,1,1,1,0.45129064009303443
我想進一步了解半導體元件的製造過程，請問有哪些課程可以讓我深入了解這個領域？,17,0,1,1,0.05550370415691467
我對半導體奈米元件很感興趣，能否介紹一下這門課程的實踐過程和應用領域？,10,1,1,1,0.4716503772526737
我對矽光子微學程很有興趣，想知道有哪些課程是更深入地介紹半導體奈米元件的製造技術和物理原理？,10,0,1,1,0.05294627449037433
我對奈米元件製造技術很感興趣，能夠告訴我哪些課程是針對半導體奈米元件的製造技術嗎？,10,0,1,1,0.2472904778026598
矽光子微學程似乎很複雜，我想學習更多關於半導體元件的製造和應用，哪些課程可以幫助我掌握相關知識？,10,0,0,1,0.055400736040347266
想了解更多關於矽光子微學程的奈米元件製造技術，哪些課程會涉及到實驗室實踐？,10,1,1,1,0.49726817042606514
我對矽光子微學程很感興趣，請問有哪些課程是針對半導體奈米元件的製造和設計？,10,1,1,1,0.8183573289455642
我對矽光子微學程很感興趣，請問有哪些課程教會如何設計和製造新的半導體元件？,10,0,1,1,0.05294627449037433
我對半導體技術有興趣，能否提供一些有關奈米元件製造、半導體物理和光電子元件設計的課程資訊？,10,1,1,1,0.5143278651173387
我想知道半導體製程的相關課程有哪些？,92,1,1,1,0.33406580292278976
我想進一步了解半導體製程的基礎知識，有哪些課程是從入門開始的？,92,1,1,1,0.22144518735916704
我想學習半導體製程，但有太多課程選擇，我想知道哪些課程對於了解半導體奈米元件製造技術有幫助？,92,0,1,1,0.36920647101530873
我對半導體技術很感興趣，想了解怎麼樣能夠進入這個領域？,92,1,1,1,0.29447951163850566
我想學習半導體製程，請問有哪些課程可以幫助我了解半導體奈米元件的製造技術？,92,1,1,1,0.3814075647594611
我對半導體製程感興趣，有哪些課程能夠幫助我了解半導體元件製造的基礎？,92,0,1,1,0.36887736216679456
半導體製程涉及非常複雜的技術，想請問一下，有哪些實驗課程可以讓我們親手操作，了解半導體製程的基本步驟？,92,1,1,1,0.22208759881942503
我對半導體技術很感興趣，有沒有推薦適合初學者的人工半導體製程技術課程？,92,0,0,0,0.0
我對類比射頻IC設計很感興趣，但不太清楚這個領域的課程內容，有什麼樣的課程或實踐教學可以幫助我快速入門嗎？,39,0,0,1,0.09472567465612146
我想進一步了解類比射頻IC設計的基礎，哪些電子學和訊號系統的課程是必修的？,39,0,1,1,0.12882601160092344
我想進一步深入學習類比射頻IC設計，請問有哪些相關的課程或實驗可以幫助我了解半導體元件的製造技術？,39,1,1,1,0.17742552892451555
我對於類比射頻IC設計很感興趣，請問有哪些課程對半導體元件的製造和控制系統設計有較好的介紹？,39,0,1,1,0.1749312431975357
我對半導體元件設計很有興趣，但還不知道哪些課程是必修的或選修的，有一份完整的課程表或建議學程路線嗎？,39,1,1,1,0.25516651339754287
我想進一步學習類比射頻IC設計，有哪些相關的電子學或電路學課程可以幫助我了解基礎知識？,39,0,1,1,0.12882601160092344
我對類比射頻IC設計很感興趣，想知道哪些課程對半導體元件的製造和控制系統有比較深入的介紹？,39,1,1,1,0.18245891535923453
我對類比射頻IC設計很感興趣，想了解半導體元件和奈米元件製造技術的課程有哪些選擇？,39,1,1,1,0.2765722212628743
我想學習半導體相關的課程，請問哪些課程能夠幫助我理解半導體奈米元件的製造技術和電子學原理？,104,1,1,1,0.3601320190660402
我想進入半導體產業，但不確定從哪個方向入手，有哪些實際的課程或實驗可以幫助我學習相關知識？,104,1,1,1,0.6374626240915453
我想了解半導體製造的基礎知識，有哪些課程可以幫助我了解半導體奈米元件製造技術和相關的電子學知識？,104,1,1,1,0.5607417591200866
我對半導體的製造和設計有興趣，請問有哪些課程可以幫助我了解半導體奈米元件的製造技術和相關的電子學知識？,104,1,1,1,0.6218286598183622
我想知道半導體設備工程的課程安排，是否有機會學習到奈米元件的製造技術和微機電系統的設計？,104,1,1,1,0.24371099473839827
我對半導體技術很有興趣，想知道有哪些課程可以幫助我深入了解半導體的製造技術和奈米元件的製造？,104,1,1,1,0.35651837912830714
我想學習半導體設備工程，有哪些課程可以幫助我了解半導體元件的製造和設計？,104,1,1,1,0.5989741749010524
我想知道半導體設備工程的課程有哪些比較有趣的實驗或專題研究？,104,1,1,1,0.4208374871238539
有關奈米科技和半導體的課程有點多，哪些是學程的核心課程？,13,1,1,1,0.5884795877976846
我對奈米科技很有興趣，想知道哪些課程能夠幫助我深入了解半導體奈米元件的製造技術和奈米材料的特性？,13,1,1,1,0.5413154936150371
量子材料微學程很有興趣，我想知道哪些課程是必修的，並且哪些課程是選修的？,13,1,1,1,0.5396991401169365
我對奈米科技很感興趣，想知道哪些課程會介紹奈米材料的特性和應用？,13,1,1,1,0.5485533566028175
我對奈米科技很有興趣，請問有哪些課程可以學習到半導體奈米元件的製造技術和相關的量子物理知識？,13,1,1,1,0.4395322685718044
有關量子材料的課程比較多，我想學習量子物理的基礎，哪些課程是最適合的入門選擇？,13,0,1,1,0.05911731312959765
量子材料的領域似乎非常複雜，請問哪些課程是最基礎的，我該從哪個點開始學起？,13,1,1,1,0.8078664391164392
我對奈米科技很有興趣，想知道這個領域的發展趨勢和未來前景，有哪些相關課程可以了解更多？,13,1,1,1,0.5469872325194541
對於半導體元件的製造和應用，我想了解奈米元件的相關技術，哪些課程可以幫助我深入了解這個領域？,49,1,1,1,0.23170656106854842
半導體元件學程有哪些課程能夠幫助我了解元件的製造技術和原理？,49,0,0,0,0.0887081606602485
半導體元件學程看起來很複雜，有沒有簡單的入門課程或者說明文檔可以幫助我了解這個領域？,49,0,1,1,0.30198598718859343
我對半導體元件很感興趣，有沒有推薦的課程可以學習半導體的製造技術和奈米元件的設計？,49,1,1,1,0.24215247073011525
我想進一步學習半導體元件的製造技術，哪些課程涵蓋了奈米元件的設計和生產？,49,0,1,1,0.34735882346826424
我對半導體元件有很大的興趣，想要知道哪些課程會涉及半導體奈米元件的製造技術和設計？,49,1,1,1,0.34353309574048074
半導體元件的課程有很多，哪些是對新手最友善的選擇？,49,0,0,0,0.04645509091886206
我想學習半導體元件的相關知識，但不知道從哪裡開始，請問哪些課程是最基本的入門課程？,49,1,1,1,0.2838992119845836
想了解軟體工程的整體結構，有哪些是必須學習的基礎課程？,37,1,1,1,0.2936360012912715
我想學習軟體工程，想要了解程式設計和系統分析有哪些相關的課程？,37,1,1,1,0.3824764100416049
軟體工程學程似乎很全面，但我對軟體工程的實務應用比較感興趣，能夠幫助我找到相關的實踐課程嗎？,37,1,1,1,0.8687575383154748
有哪些軟體工程課程能夠教導我如何撰寫高效的程式碼和系統？,37,1,1,1,0.24845936230190296
我想知道軟體工程課程的架構，哪些課程是必修的，哪些是選修的？,37,1,1,1,0.8449927825177742
想學習軟體工程，希望能夠知道這個學程需要具備什麼樣的數學基礎？,37,1,1,1,0.3246482862651252
我想學習程式設計，有哪些基礎課程可以學習？,37,0,0,0,0.017866604695608062
軟體工程課程好像有很多選擇，我想學習程式設計，請問哪些課程比較適合初學者？,37,0,0,0,0.015552913444570715
我想學習數位IC設計，有哪些實用課程能教會我如何設計電子系統或硬體？,27,1,1,1,0.8173524577607301
有關數位IC設計，我想學習實際上如何設計數位系統，哪些課程是比較有用的？,27,1,1,1,0.7431515550342035
我對硬體設計有興趣，想知道哪些課程能教會我設計系統晶片？,27,1,1,1,0.4300529802202277
我對數位IC設計很有興趣，有哪些課程可以幫助我掌握系統晶片設計、測試和通訊電路設計的實踐技巧？,27,1,1,1,0.6995673727045708
我想學習如何設計自己的電路板，有哪些課程教導如何使用FPGA或是系統晶片設計？,27,1,1,1,0.26207905651325447
我對數位IC設計很感興趣，能夠從基礎電子學開始學習嗎？有哪些課程可以幫助我理解硬體描述語言？,27,1,1,1,0.8173524577607301
我想學習數位IC設計，有哪些實用課程能教會我如何設計和實現數位系統？,27,1,1,1,0.45355492180339246
我對數位IC設計很感興趣，有哪些課程可以教我如何設計和實踐數位系統？,27,1,1,1,0.421668643460706
我想學習一些電機工程的基礎知識，哪些課程比較適合初學者？,53,0,0,0,0.058322589460336256
我想學習電子與電機工程，請問有哪些硬體描述語言或電路學課程適合入門？,53,1,1,1,0.25082286788077346
我想學習南星產業樞紐學程的相關課程，有哪些電路學或訊號處理的課程比較適合入門？,53,1,1,1,0.11332465744974096
我想知道南星產業樞紐學程的課程重點在哪裡？有哪些實用技能或知識可以在畢業後應用在實際工作中？,53,0,0,0,0.01232679293716551
我想學習電路學或數位系統設計，哪些課程適合初學者？,53,0,0,1,0.015463935473550492
我對電子工程有興趣，南星產業樞紐學程有哪些相關的課程或專題可以學習？,53,1,1,1,0.28884743158363724
我想學習南星產業樞紐的相關課程，哪些是與電腦程式和硬體設計有關的？,53,1,1,1,0.1584574207488101
我對電子、電機工程很感興趣，南星產業樞紐學程的課程安排和內容是否比較適合我？,53,1,1,1,0.8743500868913735
我想學習智慧製造的相關知識，能不能提供一些有關微機電系統或巨量資料分析的課程建議？,17,0,1,1,0.07195931913745898
我想進入智慧製造的領域，請問有哪些課程能夠學習如何結合人工智慧、訊號處理和精密製造技術？,17,1,1,1,0.131307363968168
想學習智慧製造的相關知識，人工智慧導論課程會在哪個階段上課？,17,0,0,0,0.009666512869774373
我對智慧製造很有興趣，但不是太清楚微機電系統和大數據分析的應用，能不能推薦一些有關這些領域的實際案例？,17,1,1,1,0.29224773855262576
我想了解智慧製造的應用，哪些課程比較有關於智慧製造的實際應用和控制？,17,0,0,1,0.04625348068155429
我想進入智慧製造的領域，想請問一下有哪些課程可以幫助我學習相關的基礎知識和實踐技巧？,17,0,0,0,0.023582456970883056
我對智慧製造很有興趣，但不太清楚這個學程的課程內容，有沒有提供一份課程表或簡單的學程介紹？,17,1,1,1,0.13178790326292883
我對智慧製造很感興趣，想知道有哪些課程能夠學到實際的智慧製造應用技術？,17,1,1,1,0.2860394732007534
這個微學程看起來很全面，有幾個與智慧製造相關的課程，能告訴我這些課程是如何與製造業實務結合的嗎？,20,0,0,0,0.06954101959054261
我想知道微學程有哪些課程可以幫助我學習智慧製造的實務應用？,20,0,0,0,0.06954101959054261
我想學習如何運用人工智慧在製造業上，哪些課程比較適合我？,20,1,1,1,0.21450763903126085
我想進一步學習智慧製造的應用，人工智慧導論和類神經網路概論課程對於後續的學習有幫助嗎？,20,1,1,1,0.2476190376376582
我想學習如何應用大數據分析在製造業，我們有哪些課程可以學習相關的知識與技術？,20,1,1,1,0.2520406827047738
有關於製造業的智慧化，是否有相關的課程可以學習？,20,0,0,1,0.06928296364730815
我想學習如何應用大數據分析、機器學習或人工智慧於製造業，有哪些課程能夠提供相關知識和實務技巧？,20,1,1,1,0.053300614343762945
我想學習智慧製造相關的課程，哪些課程內容比較全面？,20,1,1,1,0.11728437004614589
我對跨領域智慧製造有興趣，想知道哪些課程會涉及人工智慧或機器學習的應用？,21,1,1,1,0.3103718947874413
看起來有很多有趣的課程，想學習如何結合人工智慧和精密製造技術，請問有哪些課程可以幫助我學到這些技能？,21,1,1,1,0.2286830801648717
我對智慧製造很感興趣，有沒有整合人工智慧、機器學習和大數據的課程或實踐？,21,1,1,1,0.3383233033535507
這個跨領域智慧製造學程看起來很有挑戰性，有沒有推薦的課程可以幫助我學會人工智慧和大數據分析的基礎？,21,0,1,1,0.049295187796924704
跨領域智慧製造學程的課程安排似乎很豐富，有沒有提供實踐性質的課程或者實驗室工作室讓我們學習實作智慧製造的技術？,21,1,1,1,0.49521433244365953
我對跨領域智慧製造很感興趣，想知道哪些課程可以學到智慧製造實踐中的技術應用和案例？,21,1,1,1,0.5332545351376365
跨領域智慧製造學程好像包含許多相關課程，我想知道哪些課程是必修的，又有哪些是選修的？,21,1,1,1,0.6761286375103563
跨領域智慧製造學程有很多選擇，我想知道哪些課程是比較基礎的入門課程？,21,1,1,1,0.25419418286857903
我想進入金融工程領域，想要了解哪些課程對於了解金融市場和投資理論很重要？,41,1,1,1,0.20985713713384582
我想學習金融工程，需要哪些基本數學或程式設計的知識？,41,1,1,1,0.17761967093106978
我想進入金融工程領域，請問有哪些基礎課程可以幫助我掌握金融市場理論和投資組合策略？,41,1,1,1,0.4347197601176902
我想進一步了解金融工程的實踐和應用，有沒有相關的課程可以讓我學習到如何使用程式語言或數值分析在金融市場上取得優勢？,41,1,1,1,0.4315473308308029
我想學習金融工程，請問有哪些課程可以幫助我了解投資學、金融市場理論與實務或財務風險管理？,41,1,1,1,0.2732044942619789
我想學習金融工程，能夠幫助我了解哪些程式語言和工具最適合金融領域的應用嗎？,41,1,1,1,0.6150107145888565
我想學習金融工程的基礎知識，有哪些課程可以幫助我了解金融市場的理論和實務？,41,1,1,1,0.6150107145888565
我想學習金融工程的相關課程，包括程式設計和數據分析，有哪些課程可以幫助我學習？,41,1,1,1,0.23379066560326076
我想學習程式設計和數位影像處理，有哪些課程可以幫助我提升程式設計能力和了解數位影像處理的原理？,26,1,1,1,0.15943200186637088
有沒有什麼課程是針對自然科學背景的程式設計，讓我能夠更好地應用程式在實驗或數據分析中？,26,1,1,1,0.21908414433589307
我想學習程式設計和數位影像處理，有哪些課程適合我？,26,1,1,1,0.19635050257148276
我對程式設計很有興趣，希望能夠學會如何應用在自然科學領域，有哪些相關的課程或專題可以選擇？,26,0,0,1,0.12942148069110465
我想學習程式設計，但不知道從哪裡開始，有哪些基礎程式課程是最重要的？,26,1,1,1,0.29977530753682713
我對程式設計很感興趣，但想問一下，這學程的課程安排是否比較偏向實作和應用？,26,0,1,1,0.2786422308504118
我想學習程式設計和數位影像處理，哪些課程有提供實際的程式練習？,26,1,1,1,0.3123364263748746
課程內容看起來很豐富，對於初學者哪些程式設計課程最適合入門？,26,1,1,1,0.2795604726970329
我對計算物理和人工智慧很感興趣，有沒有可以學習程式設計、數據分析和人工智慧基礎的課程？,17,1,1,1,0.17148578087372468
我對程式設計有興趣，想學習計算物理或人工智慧的相關程式技術，有哪些課程可以學習？,17,1,1,1,0.43867879371656204
我想學習程式設計和物理數據分析，有哪些課程能夠幫助我掌握這兩個領域的基礎知識？,17,1,1,1,0.39183145056059776
我想進一步了解程式設計和物理數據分析的應用，有沒有實驗室或專案的機會讓我實踐所學？,17,1,1,1,0.25778333984687907
計算物理與人工智慧課程似乎很有趣，請問這個學程對前程程碼基礎有什麼要求？,17,0,0,0,0.007142015042188277
計算物理的程式設計課程有哪些？,17,1,1,1,0.18648436075203284
我對計算物理和人工智慧很感興趣，但想知道哪些課程是必修的？,17,1,1,1,0.16389883287611362
計算物理和人工智慧課程好像有很多程式設計的部分，我該從哪個基礎學起比較好？,17,1,1,1,0.4804679551666425
我想學習科技創新和服務業管理，請問有哪些課程可以幫助我了解企業如何運用科技來開創新的業務模式？,21,1,1,1,0.572416735350769
我想學習如何應用科技創新於服務業，能夠提供一些有關人工智慧、數據分析、行銷管理和創新管理的課程嗎？,21,0,1,1,0.20379058398983055
我想進入創新創業的領域，怎樣才能學到創新策略和管理的技巧？,21,1,1,1,0.6109368806269343
我想學習如何運用人工智慧或數據分析在行銷管理或品牌行銷上，能夠獲得什麼樣的幫助？,21,1,1,1,0.3918670594953053
我想學習創新與創業管理的相關知識，是否有課程可以教我如何運用人工智慧在實際的商業案例中？,21,1,1,1,0.34449718603507684
我想學習如何將AI應用在企業管理上，該學程有哪些課程能夠幫助我？,21,1,1,1,0.24810528517302924
我對於科技創新和服務業管理很有興趣，希望了解有哪些課程可以學習到如何結合人工智慧、行銷管理和資訊系統來創造新的商業模式？,21,1,1,1,0.45177287914391606
我想知道這個學程有沒有任何與創業或創新相關的課程，能夠幫助我學習創業理念和實踐嗎？,21,1,1,1,0.7279484483000627
我對永續能源和人工智慧很感興趣，想知道哪些課程可以學習到如何結合這兩個領域來解決現實世界的問題？,19,1,1,1,0.3294773995566993
對於永續能源的學習，我想知道哪些課程更關注實際應用，尤其是與人工智慧或大數據分析相關的課程？,19,0,0,0,0.008695652173913044
我想學習永續能源相關的技術，但看到課程有很多與人工智慧相關的課程，人工智慧在永續能源領域的應用有哪些？,19,1,1,1,0.30083917037022495
我對永續能源很感興趣，想了解如何應用人工智慧於能源領域，有哪些課程或專題可以學習？,19,1,1,1,0.40829357152023643
我想學習如何設計永續能源系統，有哪些課程能夠幫助我了解電力電子學、電力系統和網路系統程式設計的應用嗎？,19,1,1,1,0.47309300283513
我對永續能源很感興趣，有哪些課程能夠讓我了解更多關於氫能、燃料電池和離岸風電的知識？,19,1,1,1,0.30471336212702055
我對永續能源很感興趣，想知道哪些課程關於新能源的發展和應用？,19,1,1,1,0.5281513668288205
有沒有關於永續能源的課程或專題研究機會可以讓我深入探索電力電子學和再生能源的領域？,19,0,0,0,0.008695652173913044
這個學程似乎有很多相關課程，能夠告訴我哪些課程是必修的或者是選修的嗎？,11,0,0,0,0.006509980723917874
我對機器學習很感興趣，請問有哪些課程能夠幫助我掌握基礎數學知識，例如線性代數或訊號處理？,11,0,0,0,0.020250821970145223
這個微學程看起來很實用，我想學習應用機器學習的實務經驗，有哪些課程提供了相關的實作教學和案例分析？,11,1,1,1,0.4220826354810567
我想學習機器學習與應用，但有點迷茫，機器學習和人工智慧的關係是什麼？,11,1,1,1,0.44832561778411706
這個微學程看起來很完整，有機會學會機器學習和人工智慧的應用嗎？,11,1,1,1,0.5339920126529634
這個微學程包含了很多與機器學習有關的課程，想知道哪些課程對於學習深度學習最為重要？,11,1,1,1,0.24930201258022597
我想了解微學程內的課程安排，人工智慧導論和基礎訊號處理有什麼關係？,11,0,0,0,0.06318426447700555
我想學習機器學習的應用，哪些課程能夠幫助我了解如何在實際情境下運用它？,11,1,1,1,0.257023940204458
想學習機器學習與多媒體技術，想要了解整個學程的流程，請問有哪些必修或選修課程需要在前面學習？,15,1,1,1,0.18991637555732296
我想學習機器學習的基礎知識，但又不確定哪些課程是最重要的，有沒有建議學習順序或優先學習的課程？,15,1,1,1,0.2719140720494211
想了解如何應用機器學習與多媒體技術，我們的學程有哪些課程可以幫助我了解這個領域？,15,1,1,1,0.3757460125994599
這個學程看起來很全面，我想學習機器學習和多媒體技術，請問哪些課程可以幫助我提升程式設計和數位系統的基礎？,15,1,1,1,0.45650626512830833
我想學習機器學習的基礎，但不確定哪些課程是必修的，還有哪些是選修的，能夠提供一些建議嗎？,15,1,1,1,0.1819793992383323
這個學程看起來很豐富，我想學習機器學習，但不確定哪些基礎課程是必須學習的，請問哪些課程是必修的？,15,1,1,1,0.14173262324290783
我想學習如何應用人工智慧或機器學習在多媒體技術上，哪些課程是最相關的？,15,1,1,1,0.43794219391151956
我想了解多媒體技術的應用，哪些課程會涉及影像或視訊處理？,15,1,1,1,0.13423713420444539
人力資源管理學程的課程安排看起來很豐富，有沒有提供一些實際應用或專題研究的課程？,23,1,1,1,0.9543742433071852
我對人力資源管理很感興趣，想知道哪些課程能夠幫助我理解企業內部的管理理念和員工的行為？,23,1,1,1,0.5022254615049625
想學習人力資源管理，有哪些課程可以幫助我了解組織行為和管理理論？,23,1,1,1,0.5335284808800679
我對人力資源管理很感興趣，請問有哪些課程可以幫助我了解組織行為或人力資源管理的策略？,23,1,1,1,0.42214024381373433
我想了解組織行為與人力資源管理之間的關係，有什麼課程可以幫助我了解這些知識的應用嗎？,23,1,1,1,0.9639820061625106
我想學習人力資源管理，關於管理學概論和組織行為的課程哪些是必修的？,23,1,1,1,0.5081281809680424
我想了解更多關於人力資源管理的實務應用，有沒有課程可以讓我了解如何在工作中運用這些理論？,23,1,1,1,0.49454066227369214
人力資源管理學程很豐富，想知道哪些課程對於未來的領導角色有幫助？,23,1,1,1,0.43419532238313513
我想學習巨量資料分析，是否有提供統計學或數值分析的基礎課程？,18,1,1,1,0.6993570234446992
我想了解巨量資料分析的基礎知識，哪些課程是比較基本且有用的？,18,0,1,1,0.11766191376249308
巨量資料分析的課程內容蠻豐富的，我想知道哪些課程更關鍵於實際應用？,18,1,1,1,0.68097638613212
巨量資料分析學程似乎需要好幾年的時間才能掌握，我想知道學程的進度是什麼樣子的？,18,1,1,1,0.7528709240815327
我想了解巨量資料的分析課程，哪些與統計學或機率論有關的課程是比較基礎的？,18,1,1,1,0.10453704490760705
巨量資料分析學程的課程選擇似乎很豐富，有沒有建議哪些是最重要或最實用？,18,1,1,1,0.7528709240815327
巨量資料分析學程的課程似乎很全面，有哪些是對機率論的重點敘述？,18,1,1,1,0.41833166545498707
我想學習巨量資料分析，但有很多相關課程，能夠幫我簡單地了解這些課程的內容或哪些課程是必修的嗎？,18,1,1,1,0.68097638613212
我想進入音樂行銷業，想知道有哪些課程可以幫助我掌握行銷管理和藝術管理的知識？,9,1,1,1,0.5618603790430415
我想從事音樂行銷，想知道有哪些課程能夠幫助我了解整合行銷和音樂行銷的方法？,9,1,1,1,0.26498550469138704
想進入音樂產業的行銷部門，有哪些課程可以幫助我學習相關的行銷理論和實踐？,9,0,1,1,0.12721415267463987
我對音樂產業有興趣，想知道學程會教學生如何應用行銷技巧來管理音樂事業，有哪些相關的課程或專案可以參與？,9,1,1,1,0.4600502892169558
我想進入音樂行銷業，有哪些課程可以幫助我學習整合行銷策略和藝術管理？,9,1,1,1,0.22235056653013308
音樂行銷方面的課程有哪些呢？有沒有關於藝術管理和創意行銷的選擇？,9,1,1,1,0.3796002995008052
我想進入音樂產業，想學習如何有效地推廣音樂作品，有什麼課程可以幫助我了解行銷策略？,9,0,1,1,0.22436359936359937
音樂產業有很多發展空間，能夠學習行銷、管理、創意等方面的課程，有什麼樣的學程或課程設計能夠幫助我更好地掌握這些知識？,9,1,1,1,0.5120518914636562
我想學習如何有效地推廣產品或服務，哪些課程可以幫助我了解消費者行為和行銷策略？,9,1,1,1,0.5353057980508961
想深入了解消費者行為的背後原因，或者如何透過品牌行銷來影響消費者選擇，有哪些相關的課程或知識可以學習？,9,1,1,1,0.5883496133496133
想學習行銷方面的知識，是否有完整的課程可以讓我學習整體的行銷管理？,9,1,1,1,0.4320099653432987
我想了解企業如何使用數據分析來做行銷，行銷管理學程中有哪些課程可以幫助我學習這方面的知識？,9,1,1,1,0.2335742289117714
想學習如何讓品牌更受消費者喜愛，對於行銷研究或品牌行銷的課程有建議嗎？,9,1,1,1,0.9467813051146384
我想了解企業如何在網路上推廣產品，有關電子商務或整合行銷溝通的課程可以幫助我嗎？,9,1,1,1,0.7251322751322752
想了解行銷的各個層面，例如品牌行銷或消費者行為，哪些課程可以幫助我全面了解？,9,1,1,1,0.6042755392755393
我想進一步深入了解行銷管理的應用，怎麼樣才能學到實際的行銷策略和案例？,9,1,1,1,0.8028218694885362
我對淨零轉型很有興趣，請問有沒有課程介紹如何撰寫永續報告書？,6,1,1,1,0.3371188697603671
有關於淨零轉型的課程，我想了解更多關於永續發展和海洋碳匯的相關知識，請問有沒有特別針對這方面的課程？,6,0,0,0,0.022154995654736956
這個淨零轉型微學程裡面有很多相關的課程，想知道哪些課程會更深入地探討淨零碳的實踐？,6,1,1,1,0.6928418803418802
對於淨零轉型的相關課程，我想知道哪些是針對實際企業的應用案例？,6,0,0,0,0.018842488310872815
關於淨零轉型的課程，能夠提供一些實務操作的課程嗎？,6,0,0,0,0.015117235085225424
想學習如何進行淨零碳轉型，該學程有哪些實際的案例或專題研究可以參與？,6,1,1,1,0.49509347864611014
我對淨零轉型很感興趣，想知道這個學程裡面會教導我們哪些有關永續發展和碳減排的方法和工具？,6,0,0,0,0.030423327739290504
我對淨零轉型很有興趣，請問有哪些課程可以幫助我了解如何寫永續報告書或是深入了解海洋及森林碳匯的相關知識？,6,0,0,0,0.019934435426926134
海洋生物有那麼多種類，想知道有哪些課程能夠讓我更深入地了解海洋生物的多樣性？,5,0,1,1,0.07289813361241933
有關海洋生物的課程，學程裡面有哪些可以幫助我了解海洋生物多樣性的課程？,5,1,1,1,0.10180142587520295
我對海洋生物很感興趣，想知道有沒有課程介紹海洋生物的多樣性和保護？,5,1,1,1,0.23129680870688066
我對海洋生物很感興趣，有沒有相關課程可以讓我了解海洋生物的多樣性和分布？,5,0,0,1,0.05414303578255566
我對海洋生物很感興趣，請問有哪些課程可以幫助我了解海洋生物的多樣性？,5,0,0,1,0.05414303578255566
我對海洋生物有興趣，想了解海洋生物的種類和多樣性，有哪些相關課程或課程組可以學習？,5,1,1,1,0.5721797451374916
有關海洋生物的課程比較多，我想了解更多關於海洋生物的多樣性和生態系統，哪些課程比較有幫助？,5,1,1,1,0.251944795617362
我對海洋生物很有興趣，海洋生物的多樣性和分類有什麼特別的特徵？,5,1,1,1,0.2387824235385211
對海洋生物有興趣的我想知道這學程中有關於海洋生物的實際應用課程嗎？,7,1,1,1,0.22635310534470202
我對海洋生物很感興趣，想學習一些相關的課程，哪些課程可以幫助我了解海洋生物的多樣性和演化？,7,1,1,1,0.17308994260898686
我對海洋生物有興趣，能否提供一些海洋生物多樣性相關的課程或實驗？,7,1,1,1,0.2508393135574199
我對海洋生物很有興趣，有哪些課程可以讓我學習到海洋生物的多樣性？,7,1,1,1,0.17308994260898686
我對海洋生物很感興趣，想知道這個微學程的課程內容是什麼樣子？有哪些實際應用呢？,7,0,1,1,0.1783750981652031
我對海洋生物學很感興趣，有哪些課程可以讓我了解海洋生物的多樣性和演化？,7,1,1,1,0.17308994260898686
我對海洋生物學很有興趣，是否有課程可以學習到海洋生物的多樣性和生態系統？,7,1,1,1,0.17308994260898686
我對海洋生物很有興趣，有沒有可以了解更多海洋生物多樣性的課程或實驗室課？,7,1,1,1,0.17308994260898686
海洋天然物微學程的課程很豐富，我想知道生藥學和天然物化學相關的課程有哪些？,7,1,1,1,0.46062033855208095
我對海洋生物的藥用物質很感興趣，能否了解海洋天然物中有哪些可以應用在藥物開發的研究？,7,1,1,1,0.32842352903027056
海洋生物有許多珍貴的藥用物質，我想學習如何從海洋生物中提取有效成分，哪些課程可以幫助我達成這個目標？,7,0,0,0,0.0492334681804758
我對海洋天然物有興趣，請問有哪些課程可以幫助我了解海洋生物的藥用價值和安全性？,7,0,0,0,0.021107013129973227
海洋天然物微學程中有關天然藥物的研究，我想知道這個學程對於未來從事生藥學或藥物開發工作有多大的幫助？,7,0,0,0,0.037582798842571936
這個學程有關於天然物的研究，我想知道有沒有機會實際接觸到實驗室的工作，或者有沒有與相關研究單位合作的機會？,7,0,0,0,0.01463432968028148
對於天然藥物的研究很有興趣，是否有課程可以學習如何從海洋中找尋新的藥物？,7,0,0,1,0.09954254850244623
我對海洋天然物很有興趣，想知道天然物化學或微生物學相關的課程有哪些？,7,0,1,1,0.037669368275475124
學校有提供預防醫學方面的課程嗎？,4,0,0,0,0.0143115491086434
有關於生藥學和藥物安全的課程，我想知道哪些內容會被涵蓋？,4,1,1,1,0.3866279069767442
校園預防醫學學程好像很有趣，怎樣才能更好地掌握生藥學和營養安全相關知識呢？,4,1,1,1,0.28801013578122014
我很關心身心健康，能否提供一些有關營養與藥物安全的相關資訊或課程？,4,1,1,1,0.507258064516129
校園預防醫學學程似乎很有趣，有關於如何保持身心健康的課程嗎？,4,1,1,1,0.5361111111111111
我對校園健康議題很感興趣，能不能了解有關如何預防身心健康問題的相關課程呢？,4,0,0,0,0.006265115160038942
對於身心健康的維護，校園預防醫學學程有什麼樣的課程內容可以幫助我？,4,1,1,1,0.28216797701627655
校園預防醫學學程好像很有趣，有沒有相關的課程可以幫助我了解身心健康的關鍵性？,4,1,1,1,0.35896260997067453
我對海洋生物的研究很感興趣，想知道這個學程中有哪些課程能夠結合生物技術和海洋生物學的知識？,13,1,1,1,0.5838010774486669
我對海洋生物有很大的興趣，想知道海洋生物的生理特性和生物資訊學有哪些實用應用？,13,1,1,1,0.13515778047337076
我對海洋生物資源開發很有興趣，想知道有哪些課程關注海洋生物的生理特性？,13,1,1,1,0.19923185185790407
我對海洋生物資源開發很有興趣，想知道有哪些課程可以學習到相關的生物技術或生物資訊？,13,1,1,1,0.2516898794716797
想了解海洋生物資源開發的課程選擇，能不能介紹一些生藥學或生物技術相關的課程？,13,1,1,1,0.21612454615554302
海洋生物資源開發的領域似乎非常廣闊，有關生物資訊學和天然藥物研究的課程，請問有什麼實際應用或研究方向可以參與？,13,1,1,1,0.04531984084419789
有關海洋生物資源開發，我想知道有哪些課程可以學習到海洋生物的實際應用和開發？,13,1,1,1,0.3728253553361415
我對海洋生物學很有興趣，能否介紹一些有關海洋生物與藥物開發的課程？,13,1,1,1,0.26044166102861405
我對海洋相關的課程很感興趣，能夠安排海上實習的課程有哪些？,17,1,1,1,0.3579906930874423
我對海洋科學很感興趣，想知道有哪些實地實習或研究課程可以讓我親自體驗海洋的奧秘？,17,1,1,1,0.31790494993078544
擁海學程有很多有趣的課程，想知道有哪些實驗或實習課程可以讓我直接接觸海洋的研究？,17,1,1,1,0.3205129329014091
我想深入了解海洋環境，我想問一下，課程中有哪些與海洋法相關的課程？,17,1,1,1,0.27995779918898167
我對海洋與海岸保護很感興趣，請問有哪些課程可以了解海洋環境與生態的保護？,17,1,1,1,0.4549039808193381
我對海洋學很有興趣，想知道哪些課程比較實用，能夠在實際工作中應用到海洋技術？,17,1,1,1,0.5143106108045514
我想參加海洋實習課程，怎麼能夠報名呢？,17,1,1,1,0.34274103692634716
我想學習海洋相關科學，擁海學程的實習課程有多樣化嗎？,17,1,1,1,0.6319215482710293
對於綠色港市微學程，我想知道該學程學習的主要目標和實用性在哪些方面？,4,1,1,1,0.12380380677234301
想學習綠色港市的概念，有關海岸開發和環境保護的課程你有推薦嗎？,4,1,1,1,0.33134920634920634
我對綠色港市很感興趣，能夠告訴我哪些課程會教導如何設計和保育港口環境嗎？,4,1,1,1,0.6916666666666667
我對綠色城市的發展很有興趣，請問有哪些課程能夠讓我學習如何開發和保育海岸，以及如何規劃綠色港市？,4,1,1,1,0.3103864734299517
有關綠色港市的課程，我想知道有哪些選擇可以幫助我了解海岸開發的相關議題？,4,0,0,0,0.05158064287737185
我對綠色港市的議題很感興趣，有沒有相關的課程可以幫助我了解海岸開發和保育的方法？,4,0,1,1,0.10550472255017711
想知道有關海岸開發和保育工程的課程內容，是否有實際案例或設計演練？,4,0,0,1,0.08609473315355669
我對綠色港市微學程很感興趣，能夠幫我了解這個學程的課程內容和實際應用嗎？,4,0,1,1,0.040321636621042184
智慧城市的課程有哪些？我對城市發展和數據分析很有興趣。,6,1,1,1,0.5364101066707095
我對智慧城市很有興趣，想知道有哪些課程可以學習如何運用數據分析來解決城市問題？,6,1,1,1,0.5005439005439005
智慧城市的數據分析方法應該有很多，是否有任何課程提供實踐性的練習？,6,1,1,1,0.7434523809523809
想了解智慧城市的實踐和挑戰，有哪些課程能夠提供相關的知識和技能？,6,1,1,1,0.31617063492063496
智慧城市相關課程似乎很有趣，我想學習如何應用數據分析於城市規劃，有哪些課程能夠提供相關的知識和實作經驗？,6,0,1,1,0.18103040479543564
看起來這個微學程很有趣，我想學習如何分析智慧城市的數據，是否有任何與都市分析相關的課程或實踐活動？,6,1,1,1,0.414013764013764
想學習智慧城市的數據分析方法，哪些課程內容比較有趣？,6,0,0,1,0.03310595614013994
聽說智慧城市的課程很有趣，智慧運輸的應用有什麼樣的趨勢和挑戰？,6,1,1,1,0.2610687059271965
都市文化與地景微學程有什麼樣的課程能讓我更了解智慧城市的發展？,4,1,1,1,0.5428571428571429
都市文化與地景微學程的課程很有趣，我想了解更多智慧城市的發展和應用，智慧運輸系統有什麼樣的趨勢和挑戰？,4,1,1,1,0.5428571428571429
都市文化與地景微學程看起來很有趣，我想了解都市的未來發展方向，有哪些課程可以幫助我了解智慧城市和運輸系統的發展趨勢和挑戰？,4,1,1,1,0.5666666666666667
我對於智慧城市和文化地景有興趣，能不能告訴我哪些課程可以了解到智慧城市的發展趨勢和挑戰，以及文化地景的政治經濟學？,4,1,1,1,0.503950103950104
我對都市文化和地景很感興趣，智慧城市和智慧運輸的發展如何影響都市文化？,4,1,1,1,0.44358974358974357
有關智慧城市的發展，城市設計和文化遺產的保護有什麼樣的關聯？,4,1,1,1,0.5681818181818181
我對都市文化與地景很感興趣，想知道有哪些課程可以學習智慧城市的發展趨勢和挑戰，以及如何結合文化地景的觀點來了解城市發展的政治經濟學？,4,1,1,1,0.5416666666666666
都市文化與地景微學程的課程有很多看起來很吸引人的選擇，哪些課程比較適合對城市發展有興趣的人？,4,1,1,1,0.3691666666666666
有關智慧城市和智慧運輸的課程，我想知道實際上面臨的挑戰有哪些？,2,1,1,1,0.3666666666666667
我對智慧城市很感興趣，該學程有什麼課程能夠讓我更了解這個領域？,2,1,1,1,0.45
我對智慧城市的發展很有興趣，怎樣才能學到相關的實務應用？,2,0,0,0,0.0
有關智慧城市和運輸系統的課程，我想知道它們的實際應用和未來發展趨勢？,2,1,1,1,0.41666666666666663
智慧城市是一個很有趣的主題，想知道未來智慧城市會如何發展，還有什麼課題需要解決？,2,0,1,1,0.19444444444444442
聽說最近智慧城市和智慧運輸的趨勢很熱門，有沒有相關的課程可以幫我瞭解這個領域的發展和挑戰？,2,1,1,1,0.3666666666666667
智慧城市發展中有哪些關鍵議題需要關注？,2,1,1,1,0.5833333333333333
想了解智慧城市的發展和未來趨勢，有哪些課程可以讓我了解相關議題？,2,0,1,1,0.14583333333333331
智慧城市的發展如何影響城市的運作？有哪些實際的案例可以參考？,3,1,1,1,0.6095238095238095
您能夠告訴我智慧城市的未來發展方向嗎？,3,1,1,1,1.0
都市發展趨勢很有趣，智慧城市和智慧運輸系統都很值得研究，有沒有課程針對城市數位轉型的議題進行探討？,3,1,1,1,1.0
城市發展的趨勢變化很多，我想了解智慧城市的發展與挑戰，還有哪些相關的課程可以學習？,3,1,1,1,1.0
智慧城市的應用真的是很有趣，我想知道城市行銷裡面有沒有關於智慧城市數位轉型的課程？,3,1,1,1,0.2833333333333333
城市發展最近變得很複雜，智慧城市和智慧運輸系統很有意思，但實際上有哪些課題需要解決？,3,1,1,1,0.4777777777777777
想了解智慧城市和智慧運輸的發展趨勢及挑戰，有哪些課程能夠提供相關的資訊和案例研究？,3,1,1,1,0.8666666666666667
有關智慧城市與智慧運輸，我想了解在未來的城市發展中，如何利用數位技術來改善交通順暢度？,3,1,1,1,0.5888888888888889
都市永續發展是一個很重要的議題，我想了解智慧城市的發展趨勢和挑戰，是否有相關的課程可以幫助我深入了解？,3,1,1,1,0.5888888888888889
我對於智慧城市的發展很感興趣，想了解更多關於智慧運輸系統的課程有哪些？,3,0,1,1,0.16951566951566951
我對智慧城市很有興趣，都市永續規劃的課程中會教會我們如何設計一個更優秀的城市嗎？,3,1,1,1,0.3041958041958042
我對智慧城市的發展很感興趣，能夠透過這個微學程了解智慧城市的發展趨勢和挑戰嗎？,3,1,1,1,0.42114695340501784
都市永續規劃很重要，我想了解智慧城市的發展趨勢和挑戰，還有什麼課程可以幫助我深入了解這個領域？,3,1,1,1,0.6388888888888888
都市永續發展是一個很重要的議題，智慧城市的發展對城市運作有什麼影響？,3,1,1,1,0.3595238095238095
都市永續規劃與管理微學程看起來很有趣，我想知道這個學程的課程主要會教學生什麼技能或知識？,3,0,0,1,0.13357100415923948
想學習關於城市發展和環境保護的課程，有沒有相關的都市永續規劃課程？,3,1,1,1,0.40114942528735636
基礎醫學數位微學程有哪些課程能夠幫助我了解人體結構和生理功能？,21,0,1,1,0.46092089352340665
我想了解微生物在疾病中的角色，且有哪些課程介紹藥物開發的過程？,21,0,0,0,0.07525462706411268
我對基礎醫學有興趣，想知道課程中哪些有關新藥開發的內容，能夠幫助我了解從藥物研發到臨床應用過程中遇到的挑戰嗎？,21,1,1,1,0.366309932661394
我想學習醫學數位微學程，但是有一些課程的內容似乎很複雜，請問有哪些課程適合初學者？,21,0,0,0,0.0
我想了解基礎醫學數位微學程的課程內容，是否有任何與新藥開發或生物統計相關的課程？,21,1,1,1,0.3300004384956434
這學程好像有很多與醫學有關的課程，我想學習基礎的藥理學或是新藥開發流程，哪些課程比較適合我？,21,1,1,1,0.2837694377392725
我對藥理學和生物統計感興趣，有哪些基礎課程可以幫助我了解人體結構和功能？,21,1,1,1,0.37566430595135514
基礎醫學數位微學程看起來很豐富，能夠學到很多醫學知識，但我想知道這個學程是針對什麼樣的人群設計的？,21,0,1,1,0.3802277221435701
我對老子有興趣，能介紹老子學習的路線或相關課程嗎？,2,0,0,0,0.010973312401883829
老子是非常重要的古文本，我想知道該課程會教我們如何分析和理解這些古文本的內容？,2,1,1,1,0.5007262164124909
我想學習更多關於中國古典文學的課程，老子是哪個單元的內容？,2,0,0,0,0.020944148936170214
我對中西文學比較有興趣，老子和中西戲劇比較課程會對我的學習有什麼幫助？,2,0,0,1,0.04078172407638765
我對中西文化比較很有興趣，老子和中西戲劇比較課程哪個更適合初學者？,2,0,0,0,0.014509246088193456
我對中西文化的比較有興趣，老子或中西戲劇比較的課程有什麼內容？,2,0,1,1,0.06313131313131312
對老子和中西戲劇比較感興趣，是否有更多有關中國古典文學或戲劇的選修課程？,2,0,0,0,0.018003186404673393
老子和中西戲劇比較課程有什麼內容呢？,2,0,0,1,0.04686489980607628
我對音樂科技很感興趣，有哪些實際應用的課程可以學習？,1,0,0,1,0.0625
我對音樂科技很有興趣，能不能告訴我這個學程裡有哪些課程可以學習音樂創作或音樂製作的技巧？,1,0,0,1,0.058823529411764705
有關音樂科技的課程，能告訴我哪些課程比較適合對音樂感興趣的人嗎？,1,1,1,1,1.0
我對音樂科技很感興趣，有哪些課程可以學習音樂科技的基礎和應用？,1,1,1,1,1.0
我對音樂科技很有興趣，想知道有沒有課程可以學習音樂科技的應用和創造？,1,1,1,1,1.0
對音樂科技很感興趣，有沒有提供一些能夠實際學習音樂製作或應用音樂科技的課程？,1,0,0,1,0.06666666666666667
聽說這個學程裡有音樂科技的相關課程，想要學習如何結合音樂和科技，能夠學到什麼新東西？,1,1,1,1,1.0
對音樂科技很有興趣，能不能介紹一下課程中會學習到哪些實際的音樂科技應用？,1,1,1,1,1.0
音樂科技真的很有趣，怎樣才能更深入地了解音樂科技的應用和發展？,1,0,0,1,0.0625
我對音樂科技很感興趣，是否有課程可以學習如何應用音樂科技在實際音樂創作中？,1,1,1,1,1.0
我對音樂科技很有興趣，能否推薦一些音樂科技的基礎課程或實作課程？,1,1,1,1,1.0
我對音樂科技很感興趣，怎樣可以更深入地了解音樂科技的應用？,1,1,1,1,1.0
聽說這學程有關音樂科技，我想知道這學程的課程內容是什麼樣子的，有什麼實際的應用嗎？,1,1,1,1,1.0
我對音樂科技很有興趣，有沒有任何實作課程可以學習如何創造音樂或與音樂科技有關的專案？,1,1,1,1,1.0
我對音樂科技很有興趣，想知道這個學程能夠教會我什麼樣的實際能力或者技能？,1,1,1,1,1.0
這個學程聽起來很有意思，有沒有實作音樂科技的課程或專題可以讓我親自體驗？,1,1,1,1,1.0
我對音樂科技很有興趣，想知道這個學程能教會我什麼？,1,1,1,1,1.0
我想學習音樂科技，知道有哪些相關的課程嗎？,1,1,1,1,1.0
我想學習如何在音樂上使用科技，能不能提供一些相關的課程或工具？,1,1,1,1,1.0
想學音樂科技的基礎，怎樣才能入門？有哪些音樂科技相關的實作課程可以學習？,1,0,0,0,0.0016891891891891893
我對音樂科技很感興趣，請問有哪些課程可以讓我了解音樂科技的基礎？,1,1,1,1,1.0
我對音樂科技很有興趣，能不能介紹一下這個課程裡面會教會我們什麼樣的內容呢？,1,1,1,1,1.0
聽說這個微學程有關音樂科技，我想了解音樂科技的基本知識，該如何從零開始學習？,1,1,1,1,1.0
我對音樂科技很有興趣，聽說這個學程有個音樂科技的基礎課程，有沒有什麼資源可以幫助我了解音樂科技的基礎知識？,1,1,1,1,1.0
我對生物技術很感興趣，有哪些實驗課程可以學習生物分子和細胞的基礎知識？,6,0,0,0,0.0
想學習生物技術，想知道有哪些實驗室課程可以讓我實際操作生物實驗？,6,1,1,1,0.18324752742296824
生物技術微學程有哪些實驗課程可以學習呢？,6,1,1,1,0.35634093284741647
生物技術微學程看起來很有趣，能夠學習生物化學實驗或蛋白質化學的課程有哪些？,6,1,1,1,0.5892787524366472
我對生物技術有興趣，想知道有哪些實驗課程能夠讓我直接接觸實驗室？,6,1,1,1,0.35619047619047617
生物技術微學程的課程有哪些，特別是實驗課程，我想了解一下課程內容和實習安排。,6,1,1,1,0.11324410293047658
我對生物技術很感興趣，想要深入了解生物化學實驗與蛋白質化學的內容，有哪些課程可以幫助我達成這個目標？,6,1,1,1,0.2812969326715031
我對生物技術很感興趣，但不確定哪些課程更適合我，有什麼是基礎的生物技術課程嗎？,6,1,1,1,0.3431507902237654
我對有機化學很感興趣，能否告訴我有機化學課程中會涉及到哪些實驗操作？,7,1,1,1,0.09783487261357036
有沒有課程教導高分子材料的合成和應用？,7,1,1,1,0.5693650464539952
我對高分子材料很感興趣，有沒有可以學習高分子合成與反應的課程？,7,1,1,1,0.6745846205226684
我對有機化學和高分子材料很有興趣，能否分享一些有機化學實驗的經驗或高分子合成的實用應用？,7,1,1,1,0.1080494041477648
我對高分子化學很感興趣，想知道有哪些課程能夠幫助我深入了解高分子合成與反應？,7,1,1,1,0.42486584020297985
我對高分子材料很有興趣，請問有哪些課程可以幫助我理解高分子合成和檢測的原理？,7,1,1,1,0.7423400129282484
想了解有機化學的應用在合成領域，我該從哪個課程開始學習？,7,0,1,1,0.053124828577508706
對於高分子化學這個領域，我想知道有哪些實際應用或研究方向比較熱門？,7,1,1,1,0.662324959860171
有關食品安全的課程，我想知道哪些課程可以幫助我了解食品中可能的有害物質？,4,1,1,1,0.9166666666666666
食品安全實在很重要，我想了解如何評估食品安全性，有沒有相關的課程可以學習？,4,1,1,1,0.7666666666666667
食品安全相關的課程有很多，我想知道哪些課程更關注實踐應用？,4,1,1,1,0.8166666666666667
食品安全這個領域有很多角落，我想知道這個學程的課程主要是從實驗室檢測、化學原理還是營養安全的角度來教學？,4,1,1,1,0.8333333333333334
想學習食品安全相關的課程，尤其是有關食品檢驗或營養安全的部分，有什麼推薦的選擇嗎？,4,1,1,1,0.762987012987013
想學習食品安全的基本知識和檢測方法，有沒有相關的課程？,4,1,1,1,0.8055555555555556
有關食品安全的分析和檢測技術，我想知道學程裡面有哪些實際的應用課程？,4,1,1,1,0.95
我對食品安全很感興趣，想知道哪些課程可以學到食品安全檢測的實際技巧？,4,1,1,1,0.762987012987013
我對金融科技很感興趣，想知道有哪些課程可以學習金融市場分析或投資理論？,33,1,1,1,0.32898306596703164
我想學習金融科技，但不知道從哪裡入手，有哪些基礎課程可以先學習？,33,1,1,1,0.1634827491384323
我想學習金融科技的相關知識，有哪些課程比較適合金融市場和投資的實務應用？,33,1,1,1,0.29668829946243686
我想進入金融科技業，請問有哪些課程能夠幫助我學習相關的程式設計和數據分析？,33,1,1,1,0.28967169172395935
我想學習金融科技的相關課程，有哪些電腦程式設計和資料分析的課程可以幫助我了解金融市場和投資的運作？,33,0,1,1,0.09365561801688312
我對金融科技很有興趣，想知道哪些課程可以幫助我學會程式設計、資料分析和投資理論？,33,1,1,1,0.34776907515127853
我對金融科技很感興趣，想知道學程內有哪些課程針對投資與財務管理的知識？,33,1,1,1,0.1941599151342032
我想學習金融科技，想問一下有哪些課程是跟程式設計或資料分析有關的呢？,33,1,1,1,0.2963260157992101
海事工程學程的課程有很多，想知道電力電子學相關的課程有哪些，還有沒有其他和海事工程有關的課程呢？,16,1,1,1,0.6463933570536393
我想了解海事工程的電力系統部分，哪些課程比較有關電力系統的實際應用和最佳化？,16,1,1,1,0.12965979142032377
我對海事工程很有興趣，想問問有哪些相關的課程可以學習到智慧電網或電力系統最佳化的知識？,16,1,1,1,0.5870085010618894
我想學習海事工程，關於電力系統和電力電子學的課程有哪些？,16,0,1,1,0.05400429970568862
我對海事工程有興趣，想知道電力系統或智慧電網方面的課程安排是什麼？,16,1,1,1,0.3441212171893919
我對電力系統的運轉和最佳化技術很感興趣，有哪些課程可以幫助我深入了解海事工程中電力的應用？,16,1,1,1,0.30821531790278855
我對海事工程很感興趣，想了解更多關於電力系統和電力電子學的知識，有沒有可以跟教授討論電力系統最佳化和自動化技術的機會？,16,1,1,1,0.5595516441321698
我對海事工程有興趣，想知道有哪些課程關於電力系統或智能電網的相關知識？,16,1,1,1,0.3544679995378586
太空科技微學程看起來很有趣，我想知道這個學程的實驗課程安排有多樣化嗎？,19,1,1,1,0.9066443426640739
太空科技的實驗課程有哪些？,19,1,1,1,0.41428670162170783
太空科技的實驗課程有很多選擇，我想知道哪些課程跟太空探索有關？,19,0,0,0,0.054101266722409946
太空科技微學程好像包含很多與電氣和機械相關的課程，有沒有機會能夠接觸到太空探索或航太工程的實作經驗？,19,0,1,1,0.1253266028679411
太空科技微學程好像有很多實驗課程，我想知道哪些課程跟實驗室實作相關？,19,1,1,1,0.9066443426640739
太空科技課程聽起來很吸引人，有什麼與太空相關的實驗或專案可以讓我們實際操作嗎？,19,0,1,1,0.2342821655042097
太空科技微學程有許多實驗課程，想問一下有哪些課程與實驗室工作相關？,19,1,1,1,0.9066443426640739
太空科技微學程似乎有很多實驗課程，我想了解如何在實驗室進行無線功率傳輸系統的實驗，需要具備什麼基礎知識？,19,1,1,1,0.9300497232385778
我對低碳設計很感興趣，能不能告訴我有關都市環境與機械設計的課程，哪些會有實作內容？,8,0,0,0,0.012041524446744258
我對低碳設計很感興趣，想知道有哪些課程能夠幫助我了解相關的城市規劃和製造技術？,8,1,1,1,0.17839955847027736
我對於低碳設計和都市環境很感興趣，是否有機會接觸到與城市規劃或建築設計有關的課程？,8,1,1,1,0.13688727941942763
我對於都市環境和低碳設計很感興趣，有哪些課程可以幫助我了解城市規劃和減少碳足跡？,8,1,1,1,0.15067766036997854
這個微學程好像融合了多個領域，想了解低碳設計和智慧製造的相關知識，有什麼實際的案例可以參考嗎？,8,0,1,1,0.13704526142208065
我對低碳設計很感興趣，了解都市環境的影響與智慧製造的實際應用，哪些課程比較有趣？,8,1,1,1,0.15811265618033588
碳流資訊盤查與低碳設計微學程的內容蠻多元化的，我想知道有哪些實際應用？,8,0,0,0,0.02553480636324953
我對低碳設計很有興趣，能否告訴我哪些課程可以學習到實際的應用技巧和設計方法？,8,0,0,0,0.04321869174745373
我想了解管理會計的應用，哪些課程可以幫助我學習會計的實際操作？,9,1,1,1,1.0
我想進一步了解會計實務，成本會計或管理會計相關的課程哪個比較基礎呢？,9,1,1,1,1.0
我想深入了解公司財務管理的相關知識，是否有任何專門針對財務管理的課程？,9,1,1,1,0.16703406447641247
會計學程有很多選擇，想要學習財務管理和審計的相關知識，哪些課程比較適合？,9,1,1,1,0.9436868686868686
有沒有任何會計課程是針對未來會計師考試的考生設計的？,9,1,1,1,0.4493169316205166
我想進一步學習會計管理，是否有任何課程介紹企業財務管理的實務應用？,9,1,1,1,0.8362773029439696
有關會計方面的學習，想了解企業內部的財務運作和管理，有哪些課程可以幫助我了解？,9,1,1,1,0.2399439114321349
想學會管理會計的實務應用，中級會計課程的內容大致是什麼？,9,1,1,1,0.9765432098765433
想了解如何在投資領域應用人工智慧，有哪些課程能夠教我如何運用程式設計、資料分析和投資理念？,8,1,1,1,0.3085398051488477
這學程的課程內容似乎很全面，能夠幫助我了解人工智慧在投資中的應用和實踐，有什麼樣的實習或專案讓學生可以實際操作嗎？,8,1,1,1,0.5605129377436321
我對投資有興趣，但不是專業人士，有沒有什麼課程可以幫助我了解投資市場的趨勢和風險？,8,0,0,1,0.04034838992841094
人工智慧投資微學程看起來很有趣，該課程對前置科學知識有什麼要求？,8,0,0,0,0.007977271025177961
想學習投資理論與實務，如何結合程式設計和大數據分析來做出投資決策？,8,1,1,1,0.14903120234509687
我對投資和程式設計有興趣，人工智慧投資微學程中有哪些實踐性的課程可以學習？,8,1,1,1,0.12721129177033427
有關投資市場的技術應用，能夠透過程式設計來分析投資風險或尋找投資機會嗎？,8,0,0,1,0.039941250414327875
我想投資的時候很怕亂入市，請問有關如何利用程式交易或是分析投資市場的課程嗎？,8,1,1,1,0.23225235895381083
這學程裡面有關於金融創新的課程，能夠幫助我學習如何應用數據分析在金融領域嗎？,6,0,0,1,0.058534997484640305
我想進入金融科技領域，該學程有提供實際的應用案例嗎？,6,0,0,1,0.09652359183524493
想學習金融科技有哪些選擇？有關於電子商務或證券市場的課程可以幫我解釋嗎？,6,0,0,0,0.041501367666826175
我想進入金融產業，想學習如何應用數據分析和創新技術，哪些課程比較有助於提升我的競爭力？,6,0,0,1,0.08890961199590415
我想學習如何應用數據分析在金融領域，有哪些課程可以幫助我了解這個領域？,6,0,0,0,0.06234418489091387
有沒有相關金融科技的課程，可以幫助我了解金融市場的微觀結構和數據分析？,6,1,1,1,0.19474518143248798
想進入金融領域的創新發展，有哪些課程可以讓我學習金融科技的基礎和實務應用？,6,0,0,0,0.02895677465688154
有哪些課程可以學習如何利用巨量資料來分析財務數據或電子商務市場？,6,0,1,1,0.06908070922243124
我想學習如何有效管理公司的資金，是否有相關的課程可以幫助我了解財務管理的實務應用？,11,1,1,1,0.6473844707796098
想學習財務管理，希望知道哪些課程比較實用？,11,1,1,1,0.7237916283592984
我想進一步了解財務管理的理論與實務，哪些課程比較關注財務管理的實際應用？,11,1,1,1,0.7024344951778771
想學習如何管理公司的資金，財務管理課程有什麼樣的內容和實踐？,11,1,1,1,0.39796669531782086
有哪些選擇的課程可以幫助我了解財務管理的理論和實務？,11,1,1,1,0.46055055151776847
有關財務管理的課程，我想知道哪些課程能幫助我了解財務管理的實務應用和理論基礎？,11,1,1,1,0.6484882184379089
我想進一步深入財務管理的知識，怎麼樣才能找到一個適合自己學習財務管理理論與實務的課程？,11,1,1,1,0.574565165169026
我想進一步深入財務管理的知識，是否有推薦的課程能讓我了解財務管理的理論與實務？,11,1,1,1,0.7320367033285694
我對海洋生物很感興趣，想知道有哪些課程能夠讓我深入了解珊瑚的基因體或是海洋生物的演化過程？,3,0,0,0,0.018113218592670646
有關海洋生物的課程很吸引我，海洋基礎科學和珊瑚基因體學哪一個比較適合初學者？,3,1,1,1,0.4138486312399356
我對珊瑚或海洋生物很感興趣，海洋基礎科學的課程內容會有哪些？,3,1,1,1,0.3489725404619021
我對海洋生物很感興趣，有沒有相關的課程能教我基礎的海洋科學知識和珊瑚或海洋動物的演化相關內容？,3,1,1,1,0.09276096498465397
我對海洋生物很有興趣，想學習更多關於珊瑚或海洋動物的基因體學和演化，我們學程有哪些相關的課程可以選擇？,3,0,1,1,0.08612836438923395
我對海洋生物很有興趣，海洋基礎科學的課程對於進一步學習珊瑚基因體學和海洋動物演化學有幫助嗎？,3,1,1,1,0.3681185722928009
對海洋生物很有興趣，有沒有相關生物資訊的課程能夠了解珊瑚或海洋動物的演化史？,3,0,0,0,0.015819220069882987
我對海洋生物很有興趣，能不能介紹一下這個學程中關於珊瑚或海洋動物的課程？,3,1,1,1,0.22569444444444442
我想了解永續發展的相關課程，社區服務或社會創新的課程有哪些選擇？,6,1,1,1,0.369295101553166
我想深入了解永續發展的概念和實踐，是否有相關的課程可以幫助我了解社會創新和永續發展的關係？,6,1,1,1,0.4093915343915344
我對於如何進行有效的社會調查有興趣，能不能找到一些實用的課程或資源？,6,1,1,1,0.8655913978494624
想了解如何進行社會調查或社會創新研究，有什麼實用的課程或指導資源可以幫助我？,6,1,1,1,0.9102564102564102
想了解如何實際應用在社會創新中，我有哪些研究方法或調查課程可以學習？,6,1,1,1,1.0
我對社會創新很感興趣，請問有哪些課程可以學習社會調查的方法和實踐？,6,1,1,1,0.9242424242424242
我對永續發展和社會創新很感興趣，想知道如何進行有效的社會調查，是否有相關的課程或實作經驗可以參與？,6,1,1,1,0.3074476537257531
這個微學程聽起來很吸引人，社會調查與研究方法的課程有什麼樣的實踐經驗和案例？,6,1,1,1,0.8129629629629629
我對資訊安全很感興趣，想知道有哪些課程能夠教我如何防禦駭客攻擊或進行電腦鑑識？,5,1,1,1,0.6194756554307117
有關資訊安全的實踐，哪些課程更側重於實戰？,5,1,1,1,0.6025252525252525
我對資訊安全很感興趣，請問有哪些課程可以學習駭客攻防和電腦鑑識技術？,5,1,1,1,0.6058851674641149
想學習資訊安全的理論與實務，該選哪些課程比較有幫助呢？,5,1,1,1,0.48105065666041275
想進一步了解資訊安全的安全性與實務應用，哪些課程會對未來的工作有較大幫助？,5,0,0,1,0.020542923273113148
想學習資訊安全方面的知識，哪些課程對於防禦駭客攻擊和電腦鑑識技術有幫助？,5,1,1,1,0.5669175627240143
我想學習資訊安全，但不知道該從哪裡開始，有沒有建議一些入門的資安課程或教材？,5,0,0,1,0.020542923273113148
我想學習資訊安全，知道有哪些課程針對安全防禦和駭客攻防？,5,1,1,1,0.576
我想學習金融數據分析，能否告訴我有關大數據分析或機器學習的課程資訊？,5,1,1,1,0.4802043422733078
我想進入金融業，想知道有哪些課程可以學習金融數據分析、金融科技或是軟體設計？,5,1,1,1,0.5608465608465607
有關金融數據分析與創新微學程，我想了解如何應用大數據和人工智慧於金融領域，哪些課程比較有幫助？,5,1,1,1,0.5741071428571428
我對金融數據分析有興趣，希望能學到如何應用大數據和AI技術於金融領域，有沒有相關的課程或實作案例可以參考？,5,0,1,1,0.07114307804606312
我想在金融業發展，我想問的是有哪些課程可以學習金融數據分析與金融科技的應用？,5,1,1,1,0.45940170940170943
我想學習金融數據分析與創新的應用，有哪些課程可以幫助我掌握金融科技或大數據分析的技能？,5,1,1,1,0.5342307692307693
這學程好像涵蓋了很多金融和數據分析的課程，有沒有機會能夠實踐金融科技的項目？,5,1,1,1,0.41663560610929035
有沒有相關金融數據分析或創新微學程的課程，幫助我學習如何用數據分析來做市場預測或投資決策？,5,0,1,1,0.07114307804606312
有哪些課程可以學習商業分析的實務應用，或者有機會接觸實際的商業案例嗎？,4,1,1,1,0.1484805092421113
有沒有提供與商業分析有關的課程，讓我可以學習如何使用數據做出實際的決策？,4,1,1,1,0.060775655813823756
我想學習如何在實際商業案例中應用大數據分析和人工智慧，哪些課程會有相關的實作案例和教學？,4,1,1,1,0.6933139534883721
我想學習如何應用大數據和人工智慧於商業分析，是否有實務性的課程或案例分享？,4,0,0,0,0.0
有哪些課程可以幫助我學會將商業分析與創新的實踐應用？,4,1,1,1,0.086116406150718
想學習如何利用大數據分析和人工智慧來進行商業分析，哪些課程比較適合？,4,1,1,1,0.7546728971962616
這個微學程聽起來很實用，我想了解怎麼樣才能結合深度學習與商業分析實務？,4,1,1,1,0.6845238095238095
我對商業數據分析很有興趣，能夠透過實務經驗學習如何應用深度學習、人工智慧方法進行商業分析嗎？,4,1,1,1,0.8166666666666667
有關公共事務管理實務體驗學習的課程，我想知道是否有機會實際參與非營利組織的實作或交流活動？,5,0,0,0,0.00952882200538251
我對非營利事業很感興趣，有機會參加實際的公共事務管理實務體驗學習嗎？,5,1,1,1,0.24742981656025137
想進入非營利領域工作，有沒有機會參加實際的管理體驗課程或者交流學習機會？,5,0,0,0,0.05768878180642887
想嘗試實際運用公共事務管理的知識，有機會參加公共事務管理實務體驗學習課程嗎？,5,1,1,1,0.2111071478396914
我想參與一些實際的公共事務管理實務體驗，我們有哪些機會可以與國外非營利組織交流？,5,1,1,1,0.22522305262871298
有關公共事務管理，我想實踐實習的機會有嗎？,5,0,0,0,0.003525049352997233
想學習如何管理非營利組織或推廣社會行銷，有沒有實務性的課程讓我實際操作呢？,5,1,1,1,0.16165939212075744
我想參與實習或交流活動，了解如何管理非營利組織，請問這個學程有什麼機會可以接觸相關實踐經驗嗎？,5,1,1,1,0.23963534490676955
政經大數據分析微學程聽起來很有趣，我想知道該學程會教怎麼用數據分析來看社會網絡或內容的影響？,5,1,1,1,0.30313797313797314
政經大數據分析微學程看起來很有趣，能夠學到如何應用數據分析在教育領域的研究嗎？,5,0,0,0,0.011238327002215892
政經大數據分析微學程聽起來很有趣，有沒有提供一些實際應用的大數據分析課程，或者是與教育相關的統計分析課程？,5,1,1,1,0.25144890507063544
有沒有課程介紹如何分析數位內容和社會網絡？,5,1,1,1,0.22038397844310698
政經大數據分析微學程的課程有哪些？能夠提供一些基本的數據分析方法和實際應用嗎？,5,1,1,1,0.28244990303813833
政經大數據分析微學程似乎與教育相關，能夠告訴我該課程主要針對什麼樣的學生或領域嗎？,5,1,1,1,0.30313797313797314
政經大數據分析微學程看起來很有趣，能不能分享一下該課程的實作案例或應用領域？,5,1,1,1,0.30313797313797314
政經大數據分析課程中，有任何針對社會網絡或數位內容的分析課程嗎？,5,1,1,1,0.9266666666666665
想進入醫療行業管理，了解醫院運作和財務管理有哪些課程可以選擇？,5,1,1,1,1.0
有關醫療體系管理，我想了解醫院經營管理的實務應用，有什麼樣的課程或資源可以幫助我？,5,1,1,1,1.0
我想進入醫務管理的行業，想知道有哪些課程可以讓我了解整體醫療體系的運作？,5,1,1,1,0.6722222222222223
有關醫院管理，我想知道哪些課程可以幫助我了解醫療體系的運作和財務管理？,5,1,1,1,1.0
我想了解醫療體系的運作，醫療經費管理是什麼樣的？,5,1,1,1,1.0
我想進入醫療行業，想知道醫療體系的管理與財務管理有哪些相關的課程？,5,1,1,1,1.0
我想進一步了解醫院管理和財務的相關課程，能否提供一些實用的知識和案例嗎？,5,1,1,1,1.0
我對醫院管理很感興趣，想知道如何有效地管理醫療資源，有沒有相關的課程或專題可以幫助我了解這個領域？,5,1,1,1,1.0
聽到這個課程很有趣，我想了解高齡照護的相關應用，到底能夠學到什麼東西？,1,0,0,0,0.030303030303030304
我想知道這個微學程關於長期照護的內容會有什麼樣的應用，能不能給我一些預期的內容？,1,1,1,1,1.0
我想知道這個微學程的重點在哪裡？長期照護的課程會教什麼？,1,0,1,1,0.1
這個微學程的重點是音樂在照護中的應用，我想知道它對照護人員和老人們的幫助有哪些？,1,0,0,0,0.004608294930875576
我想了解這個微學程的主題是什麼？它和長期照護有什麼關係？,1,1,1,1,0.5
這個微學程似乎和長期照護有關，我想知道有什麼音樂相關的應用可以幫助長期照護？,1,0,0,1,0.07142857142857142
我想了解高齡照護相關的課程，對照護人員有什麼實用技巧可以學習？,1,0,0,1,0.05555555555555555
我想幫助照護弱勢族群，請問有關照護的課程是什麼？,1,0,0,0,0.0006211180124223603
我想知道智慧照護的應用領域有哪些？是否有相關課程探討如何利用技術幫助長期照護？,1,0,0,0,0.03225806451612903
我想了解如何應用科技於照護老人，是否有相關的課程可以幫助我了解這方面的知識？,1,0,0,0,0.023255813953488372
想學習智慧照護的應用，我想知道有哪些課程可以教我如何使用技術幫助老人照護？,1,0,1,1,0.1111111111111111
我想知道有關照護領域的課程，尤其是與老人照護相關的部分，哪些課程值得學習？,1,1,1,1,0.5
我想進一步了解智慧照護的實際應用，長照領域有什麼樣的發展趨勢或未來展望？,1,0,0,0,0.006097560975609756
想學習如何運用科技於長期照護上，能夠推薦相關的課程或研究方向嗎？,1,0,0,0,0.03125
我想學習照護老人的相關知識，智慧照護的課程內容有提到如何照護長期需要護理的病人嗎？,1,0,1,1,0.1111111111111111
我想在長期照護領域發展，學程中有提供什麼樣的實踐經驗和職業發展方向嗎？,1,0,0,1,0.058823529411764705
我對生物資訊學很感興趣，想問一下有沒有課程針對生物資訊的實際應用或研究？,6,1,1,1,0.2462904055009318
我對生物資訊學很感興趣，想知道有哪些課程可以幫助我學習生醫資訊處理和精準醫學？,6,1,1,1,0.8074786324786324
我想學習如何分析生物資訊，能夠學習哪些實務課程或相關技術？,6,0,1,1,0.1611978468685786
這個微學程似乎融合了生物、資訊和醫學的知識，我想了解它的課程內容有多樣化，是否有機會接觸到實踐中的生物資訊應用？,6,0,0,1,0.13713412318675477
我對生物資訊學很感興趣，哪些課程有實際操作的機會？,6,0,0,0,0.0402255094978455
我對生物資訊學很有興趣，但不是很了解哪些課程是比較基礎的，有沒有比較適合新手的生物資訊學課程或實務課程？,6,0,0,0,0.05950232530429827
我對生物資訊學有興趣，但不確定哪些課程更適合新手，能給我一些建議嗎？,6,0,0,0,0.004016064257028112
我對生物資訊學很感興趣，想要學習生醫資訊處理實務和進階生物醫學統計學的課程，需要具備什麼樣的前置知識？,6,0,0,1,0.08656321753019867
我對腦機介面技術和生物資訊學很感興趣，有沒有相關的課程可以學習？,6,0,0,1,0.041860990134465
想學習醫用微機電系統或腦機介面的實際應用，哪些課程有實驗室練習或專題設計？,6,1,1,1,0.5433201058201059
我想知道這個微學程的課程內容是什麼樣的，有些是相關生物資訊的實務應用嗎？,6,1,1,1,0.10617091469550487
我想知道這個微學程有什麼樣的課程內容，可以幫助我了解生物資訊、腦機介面或醫用微機電系統的應用嗎？,6,0,1,1,0.09898249898249899
這個微學程看起來很有意思，想知道有哪些課程能夠結合生物資訊學和微機電系統？,6,0,0,1,0.05591225431502527
想學習生物資訊學或腦機介面，有什麼課程可以幫助我了解生物資訊的應用和發展嗎？,6,0,0,1,0.042937178105162295
我對醫用微機電系統很有興趣，請問有哪些課程涉及醫療領域的微機電應用？,6,1,1,1,0.18065072150427355
這個微學程似乎融合了醫學、工程學和生物資訊，想問的是，有哪些課程更關注生物資訊方面的研究或應用？,6,0,0,1,0.016647053933240456
